created_at,observed_on_string,taxon.name,taxon.rank,taxon.preferred_common_name,uri,location,geoprivacy,positional_accuracy_meters,user.login,park,parkName,row_id
2015-05-16T14:18:05-10:00,2015-05-16,Zingiber officinale,species,Ginger,http://www.inaturalist.org/observations/1499348,"19.421592,-155.253038",NA,NA,kgallo,Hawaii Volcanoes National Park,HAVO,172
2015-05-16T14:18:04-10:00,2015-05-16,Rubus armeniacus,species,Armenian Blackberry,http://www.inaturalist.org/observations/1499345,"19.421592,-155.253038",NA,NA,kgallo,Hawaii Volcanoes National Park,HAVO,175
2015-05-16T13:21:12-10:00,Sat May 16 2015 12:50:08 GMT-1000 (HST),Rubus pensilvanicus,species,Pennsylvania Blackberry,http://www.inaturalist.org/observations/1498997,"19.438337,-155.302964",NA,5,lindapratt,Hawaii Volcanoes National Park,HAVO,190
2015-05-16T13:21:08-10:00,Sat May 16 2015 12:08:02 GMT-1000 (HST),Microlepia setosa setosa,variety,palapalai,http://www.inaturalist.org/observations/1498985,"19.442677,-155.302802",NA,10,lindapratt,Hawaii Volcanoes National Park,HAVO,204
2015-05-16T13:21:02-10:00,Sat May 16 2015 11:29:35 GMT-1000 (HST),Microlepia setosa setosa,variety,palapalai,http://www.inaturalist.org/observations/1498962,"19.440742,-155.301505",NA,50,lindapratt,Hawaii Volcanoes National Park,HAVO,216
2015-05-16T13:20:59-10:00,Sat May 16 2015 11:18:54 GMT-1000 (HST),Mentha spicata spicata,subspecies,Spear Mint,http://www.inaturalist.org/observations/1498955,"19.439962,-155.302318",NA,5,lindapratt,Hawaii Volcanoes National Park,HAVO,221
2015-05-16T10:22:26-10:00,Fri May 15 2015 15:46:00 GMT-1000 (HST),Spermacoce prostrata,species,Prostrate False Buttonweed,http://www.inaturalist.org/observations/1497386,"19.401976,-155.265619",NA,10,lperry,Hawaii Volcanoes National Park,HAVO,374
2015-05-15T22:04:20-06:00,2015-05-15 5:14:25 PM HST,Sporobolus indicus,species,smut grass,http://www.inaturalist.org/observations/1494506,"19.4317663,-155.2692219",NA,2718,rmssn,Hawaii Volcanoes National Park,HAVO,451
2015-05-15T17:42:37-10:00,Fri May 15 2015 15:35:29 GMT-1000 (HST),Rubus pensilvanicus,species,Pennsylvania Blackberry,http://www.inaturalist.org/observations/1494388,"19.444053,-155.331803",NA,5,mwasser,Hawaii Volcanoes National Park,HAVO,465
2015-05-15T17:19:12-10:00,Fri May 15 2015 17:08:38 GMT-1000 (HST),Cyperus polystachyos polystachyos,variety,Manyspike Flatsedge,http://www.inaturalist.org/observations/1494151,"19.429421,-155.257402",NA,5,joshuarv,Hawaii Volcanoes National Park,HAVO,527
2015-05-15T17:19:09-10:00,Fri May 15 2015 16:46:26 GMT-1000 (HST),Commelina diffusa diffusa,subspecies,Common Climbing Dayflower,http://www.inaturalist.org/observations/1494124,"19.429425,-155.257198",NA,65,joshuarv,Hawaii Volcanoes National Park,HAVO,539
2015-05-15T17:19:05-10:00,Fri May 15 2015 16:42:30 GMT-1000 (HST),Chamaecrista nictitans patellaria,subspecies,NA,http://www.inaturalist.org/observations/1494121,"19.429354,-155.257066",NA,134,joshuarv,Hawaii Volcanoes National Park,HAVO,554
2015-05-15T21:02:37-06:00,2015-05-15 5:01:56 PM HST,Rubus pensilvanicus,species,Pennsylvania Blackberry,http://www.inaturalist.org/observations/1494078,"19.4317684,-155.2674323",NA,2912,rmssn,Hawaii Volcanoes National Park,HAVO,569
2015-05-15T21:02:26-06:00,2015-05-15 4:46:30 PM HST,Polygala,genus,Milkworts,http://www.inaturalist.org/observations/1494068,"19.4317684,-155.2674323",NA,2912,rmssn,Hawaii Volcanoes National Park,HAVO,575
2015-05-15T20:10:58-06:00,2015-05-15 3:47:42 PM HST,Scaevola gaudichaudiana,species,naupaka kuahiwi,http://www.inaturalist.org/observations/1493849,"19.4258852,-155.2522617",NA,2762,rmssn,Hawaii Volcanoes National Park,HAVO,614
2015-05-15T13:51:30-10:00,Fri May 15 2015 13:51:23 GMT-1000 (HST),Crinum × amabile,hybrid,Giant Spider Lily,http://www.inaturalist.org/observations/1493190,"19.414787,-155.238453",NA,5,liamesteban,Hawaii Volcanoes National Park,HAVO,697
2013-08-16T07:57:58-06:00,5/1/2012,Bougainvillea,genus,bougainvilleas,http://www.inaturalist.org/observations/366864,"21.189774,-156.981926",NA,274,forester93,Kalaupapa National Historical Park,KALA,1112
2013-08-16T07:49:57-06:00,5/1/2012,Plumeria,genus,Frangipani Trees,http://www.inaturalist.org/observations/366861,"21.189765,-156.981353",NA,247,forester93,Kalaupapa National Historical Park,KALA,1114
2019-11-04T11:40:20-10:00,Sun Nov 03 2019 13:02:48 GMT-1000 (HST),Macroptilium atropurpureum,species,Purple Bush-Bean,https://www.inaturalist.org/observations/35302146,"20.66207167,-156.04451117",NA,14,lisa1168,Haleakala National Park,HALE,1236
2019-11-03T20:38:10-08:00,Fri Nov 01 2019 13:43:44 GMT-0700 (PDT),Sporobolus fertilis,species,Bloomsbury Grass,https://www.inaturalist.org/observations/35273157,"20.67328333,-156.04824717",NA,10,brentjohnson,Haleakala National Park,HALE,1238
2019-10-28T07:58:21-10:00,2019/10/21 4:37 PM PDT,Matricaria discoidea,species,pineapple-weed,https://www.inaturalist.org/observations/35015562,"20.7102203,-156.2527309",NA,7,sea-kangaroo,Haleakala National Park,HALE,1320
2019-07-14T20:46:01-04:00,2019-07-14 1:54:14 PM HST,Epilobium ciliatum,species,fringed willowherb,https://www.inaturalist.org/observations/28837539,"20.75599878,-156.21973824",NA,3,rhexia,Haleakala National Park,HALE,1393
2019-06-13T00:06:55-07:00,Fri Jun 07 2019 13:53:28 GMT-0700 (PDT),Allamanda cathartica,species,Golden Trumpet,https://www.inaturalist.org/observations/26905492,"20.6700833333,-156.0535888333",NA,5,teachmay,Haleakala National Park,HALE,1445
2018-12-05T12:36:00-10:00,Wed Dec 05 2018 12:17:29 GMT-1000 (HST),Macroptilium atropurpureum,species,Purple Bush-Bean,https://www.inaturalist.org/observations/18851075,"20.6621852936,-156.0444515852",NA,5,nationalparker,Haleakala National Park,HALE,1595
2018-07-14T13:57:45-10:00,2018/07/11 10:11 AM HST,Jacobaea maritima,species,Dusty miller,https://www.inaturalist.org/observations/14365985,"20.7134762529,-156.250103102",NA,79,lsyama,Haleakala National Park,HALE,1734
2018-07-05T14:36:01-07:00,2018/07/01 7:38 AM PDT,Ficus benghalensis,species,Indian banyan,https://www.inaturalist.org/observations/14085564,"20.6620777778,-156.0435777778",NA,10,damontighe,Haleakala National Park,HALE,1784
2018-07-05T12:10:29-07:00,2018/06/30 4:33 PM PDT,Ficus benghalensis,species,Indian banyan,https://www.inaturalist.org/observations/14080951,"20.6659527778,-156.0511638889",NA,5,damontighe,Haleakala National Park,HALE,1789
2016-04-18T12:14:55-10:00,Mon Apr 18 2016 12:14:51 GMT-1000 (HST),Thuja plicata,species,western redcedar,http://www.inaturalist.org/observations/2969137,"20.7676584777,-156.2374009536",NA,338,vils_bioblitz_kalama,Haleakala National Park,HALE,2077
2016-02-27T23:02:51-08:00,2016-02-19 15:15:34,Macroptilium atropurpureum,species,Purple Bush-Bean,http://www.inaturalist.org/observations/2723974,"20.6620647222,-156.0447",NA,NA,glmory,Haleakala National Park,HALE,2103
2016-02-27T22:49:18-08:00,2016-02-19 13:51:07,Oplismenus compositus,species,Awned Panick Grass,http://www.inaturalist.org/observations/2723923,"20.662375,-156.04429",NA,NA,glmory,Haleakala National Park,HALE,2117
2019-12-21T07:53:27-10:00,2019/10/11 9:29 AM PDT,Pteris cretica cretica,subspecies,NA,https://www.inaturalist.org/observations/36828289,"19.4399371202,-155.3045337802",NA,224,sea-kangaroo,Hawaii Volcanoes National Park,HAVO,2198
2019-12-18T20:21:55-08:00,2014/09/08,Cyperus polystachyos polystachyos,variety,Manyspike Flatsedge,https://www.inaturalist.org/observations/36769340,"19.2954603,-155.3071059",NA,2047,dgrimmphd,Hawaii Volcanoes National Park,HAVO,2233
2019-11-28T20:18:26-10:00,2019/10/12 11:13 AM HST,Euphorbia ophthalmica,species,Florida Hammock Sandmat,https://www.inaturalist.org/observations/36180931,"19.3989425,-155.2533974",NA,7,sea-kangaroo,Hawaii Volcanoes National Park,HAVO,2301
2019-11-28T11:12:04-10:00,Thu Nov 28 2019 11:00:29 GMT-1000 (HST),Spermacoce prostrata,species,Prostrate False Buttonweed,https://www.inaturalist.org/observations/36169492,"19.4008522687,-155.2654579714",NA,336,rosanise,Hawaii Volcanoes National Park,HAVO,2341
2019-11-07T12:07:58-10:00,2019/10/10 3:59 PM HST,Plantago asiatica,species,Asian plantain,https://www.inaturalist.org/observations/35424296,"19.4291309999,-155.2581063",NA,7,sea-kangaroo,Hawaii Volcanoes National Park,HAVO,2493
2019-11-01T23:57:58-07:00,2019-11-01 11:30:12 AM HST,Plantago asiatica,species,Asian plantain,https://www.inaturalist.org/observations/35189790,"19.4309997559,-155.259765625",NA,NA,benkeen,Hawaii Volcanoes National Park,HAVO,2564
2019-10-31T18:17:39-10:00,Thu Oct 31 2019 18:16:47 GMT-1000 (HST),Gamochaeta pensylvanica,species,Pennsylvania Cudweed,https://www.inaturalist.org/observations/35154796,"19.4447874222,-155.3302428359",NA,42,rosanise,Hawaii Volcanoes National Park,HAVO,2574
2019-10-26T19:05:02-06:00,2019/10/24 2:51 PM HDT,Scaevola taccada sericea,subspecies,NA,https://www.inaturalist.org/observations/34940300,"19.2946182007,-155.0981140137",NA,488,floydted,Hawaii Volcanoes National Park,HAVO,2581
2019-10-09T02:25:47-10:00,Tue Oct 08 2019 08:08:57 GMT-1000 (HST),Microlepia setosa setosa,variety,palapalai,https://www.inaturalist.org/observations/34111567,"19.4427416667,-155.3031616667",NA,16,catchang,Hawaii Volcanoes National Park,HAVO,2662
2019-10-08T21:40:13-10:00,Tue Oct 08 2019 08:07:11 GMT-1000 (HST),Microlepia setosa setosa,variety,palapalai,https://www.inaturalist.org/observations/34105924,"19.44265,-155.302795",NA,32,catchang,Hawaii Volcanoes National Park,HAVO,2671
2019-09-09T12:40:04-10:00,Mon Sep 09 2019 12:38:18 GMT-1000 (HST),Anthurium andraeanum,species,painter's-palette,https://www.inaturalist.org/observations/32439211,"19.4309810735,-155.2728390602",NA,10,mickelthepickle,Hawaii Volcanoes National Park,HAVO,2822
2019-04-12T18:49:23-10:00,Thu Apr 11 2019 09:28:26 GMT-1000 (HST),Ochna,genus,NA,https://www.inaturalist.org/observations/22399753,"19.4310413925,-155.2677281804",NA,264,jwynkoop,Hawaii Volcanoes National Park,HAVO,3280
2019-04-03T17:26:05-10:00,Wed Apr 03 2019 16:03:52 GMT-1000 (HST),Microlepia setosa setosa,variety,palapalai,https://www.inaturalist.org/observations/21971586,"19.4427466667,-155.302995",NA,9,aspenann,Hawaii Volcanoes National Park,HAVO,3291
2019-04-02T20:59:55-07:00,Wed Mar 27 2019 18:46:19 GMT-0700 (PDT),Gomphrena,genus,NA,https://www.inaturalist.org/observations/21935888,"19.0975638333,-155.6875366667",NA,NA,ineni,Hawaii Volcanoes National Park,HAVO,3305
2019-04-01T09:35:58-07:00,Thu Mar 28 2019 14:00:40 GMT-0700 (PDT),Microlepia setosa setosa,variety,palapalai,https://www.inaturalist.org/observations/21876714,"19.4398783333,-155.3046716667",NA,NA,ineni,Hawaii Volcanoes National Park,HAVO,3314
2019-03-30T10:44:29-07:00,Tue Mar 26 2019 15:36:45 GMT-0700 (PDT),Linaria texana,species,Texas toadflax,https://www.inaturalist.org/observations/21786606,"19.42985,-155.2672333333",NA,NA,ineni,Hawaii Volcanoes National Park,HAVO,3351
2019-03-28T08:10:45-10:00,Wed Mar 27 2019 14:28:57 GMT-1000 (HST),Linaria texana,species,Texas toadflax,https://www.inaturalist.org/observations/21706563,"19.0997083333,-155.6888116667",NA,5,snwdrp,Hawaii Volcanoes National Park,HAVO,3361
2019-03-28T08:01:37-10:00,Wed Mar 27 2019 14:21:54 GMT-1000 (HST),Physalis angulata,species,cutleaf groundcherry,https://www.inaturalist.org/observations/21706298,"19.0975305,-155.6876366667",NA,10,snwdrp,Hawaii Volcanoes National Park,HAVO,3362
2019-02-11T21:10:34-06:00,2013/06/22 10:09 PM CDT,Microlepia setosa setosa,variety,palapalai,https://www.inaturalist.org/observations/20293911,"19.4412591672,-155.3048252283",NA,31,eric_keith,Hawaii Volcanoes National Park,HAVO,3472
2019-01-09T12:19:32-10:00,Wed Jan 09 2019 11:22:12 GMT-1000 (HST),Sapindus thurstonii,species,Mānele,https://www.inaturalist.org/observations/19539995,"19.4164833333,-155.313355",NA,10,csk,Hawaii Volcanoes National Park,HAVO,3621
2018-10-25T17:59:25-07:00,2018/10/24 3:27 AM PDT,Microlepia setosa setosa,variety,palapalai,https://www.inaturalist.org/observations/17841183,"19.4400771997,-155.3025711962",NA,15,basquebird,Hawaii Volcanoes National Park,HAVO,3709
2018-10-10T18:44:20-07:00,2018/10/03 2:45 PM PDT,Dubautia ciliolata × scabra,hybrid,NA,https://www.inaturalist.org/observations/17395417,"19.4046193136,-155.2604507614",NA,41,geographerdave,Hawaii Volcanoes National Park,HAVO,3760
2017-09-03T22:31:46-05:00,1996-09-05,Hibiscus × rosa-sinensis,hybrid,Tricolor Hibiscus,https://www.inaturalist.org/observations/7772867,"19.3024814153,-155.2172228514",NA,5436,jeheiple,Hawaii Volcanoes National Park,HAVO,4186
2017-07-08T09:57:12-10:00,Sat Jul 08 2017 09:56:11 GMT-1000 (HST),Cyperus polystachyos polystachyos,variety,Manyspike Flatsedge,https://www.inaturalist.org/observations/6970350,"19.4302801369,-155.2698251793",NA,5,heather_l_coad,Hawaii Volcanoes National Park,HAVO,4243
2017-03-08T17:49:16-10:00,Wed Mar 08 2017 08:24:47 GMT-1000 (HST),Microlepia setosa setosa,variety,palapalai,https://www.inaturalist.org/observations/5255154,"19.44275,-155.303345",NA,NA,joelle,Hawaii Volcanoes National Park,HAVO,4348
2016-09-11T17:18:50-02:30,2016-09-11 9:48:21 AM HST,Cornaceae,family,Dogwood family,http://inaturalist.ca/observations/4087442,"19.41713446,-155.24307169",NA,9,rileypollom,Hawaii Volcanoes National Park,HAVO,4468
2016-08-29T08:08:36-10:00,2016/08/27 8:06 AM -1000,Zingiber officinale,species,Ginger,http://www.inaturalist.org/observations/3988220,"19.4287416,-155.25836",NA,138,jamesdbuck,Hawaii Volcanoes National Park,HAVO,4503
2016-08-29T08:02:29-10:00,2016/08/27 8:01 AM -1000,Cocculus,genus,NA,http://www.inaturalist.org/observations/3988156,"19.4287416,-155.25836",NA,138,jamesdbuck,Hawaii Volcanoes National Park,HAVO,4508
2016-08-29T07:40:15-10:00,2016/08/27 7:39 AM -1000,Rubus bifrons,species,Himalayan Blackberry,http://www.inaturalist.org/observations/3988002,"19.4287416,-155.25836",NA,138,jamesdbuck,Hawaii Volcanoes National Park,HAVO,4527
2016-08-27T14:53:47-10:00,2016/08/27 2:52 PM -1000,Dodonaea viscosa viscosa,subspecies,Sticky Dodonea,http://www.inaturalist.org/observations/3977093,"19.4287416,-155.25836",NA,138,jamesdbuck,Hawaii Volcanoes National Park,HAVO,4557
2018-09-27T21:48:07-07:00,2018/09/12 5:31 PM PDT,Momordica charantia charantia,subspecies,NA,https://www.inaturalist.org/observations/16987123,"19.6764939248,-156.020626895",NA,NA,silversea_starsong,Kaloko-Honokohau National Historical Park,KAHO,4886
2018-05-23T23:23:11-07:00,2018-05-21 8:45:40 AM HST,Pteris vittata,species,Ladder brake,https://www.inaturalist.org/observations/12762860,"19.6783504486,-156.0214538574",NA,NA,mbarton,Kaloko-Honokohau National Historical Park,KAHO,4920
2018-02-20T08:20:04-08:00,2018/02/18 7:08 PM PST,Pteris vittata,species,Ladder brake,https://www.inaturalist.org/observations/9933321,"19.6768381395,-156.0206866264",NA,141,barry_thomson,Kaloko-Honokohau National Historical Park,KAHO,4985
2017-01-29T20:17:14-10:00,2017/01/29 5:38 PM HST,Pityrogramma austroamericana,species,gold fern,https://www.inaturalist.org/observations/5027105,"19.6787838393,-156.0220969319",NA,8,swells,Kaloko-Honokohau National Historical Park,KAHO,5020
2022-12-03T01:35:39-10:00,2022-09-24 14:51:09-10:00,Passiflora edulis flavicarpa,form,Yellow passionfruit,https://www.inaturalist.org/observations/143556674,"20.662655,-156.0416861667",NA,4,omid80,Haleakala National Park,HALE,5137
2022-11-12T18:18:22-10:00,2022-11-11 11:33:54,Cyperus meyenianus,species,Meyen's Flatsedge,https://www.inaturalist.org/observations/141855177,"20.6690751,-156.0528769",NA,NA,kalistabanshee,Haleakala National Park,HALE,5209
2022-11-03T23:35:22-10:00,2022/10/31 12:58 PM,Agrostis capillaris,species,colonial bent,https://www.inaturalist.org/observations/141052877,"20.7641269722,-156.2421129722",NA,NA,kevinfaccenda,Haleakala National Park,HALE,5280
2022-11-03T16:18:03-10:00,2022/10/26 4:59 PM,Agrostis capillaris,species,colonial bent,https://www.inaturalist.org/observations/141033855,"20.7683520846,-156.238219477",NA,80,kevinfaccenda,Haleakala National Park,HALE,5286
2022-11-03T14:46:04-10:00,2022/10/25 2:48 PM,Rytidosperma racemosum,species,Clustered Wallaby-grass,https://www.inaturalist.org/observations/141027778,"20.7546294444,-156.2141466667",NA,NA,kevinfaccenda,Haleakala National Park,HALE,5294
2022-11-03T13:22:12-10:00,2022/10/25 1:11 PM,Cerastium glomeratum,species,Sticky mouse-ear chickweed,https://www.inaturalist.org/observations/141022167,"20.7681891157,-156.2461438836",NA,42,kevinfaccenda,Haleakala National Park,HALE,5341
2022-11-03T13:22:10-10:00,2022/10/25 12:59 PM,Lepidium africanum,species,African Pepperwort,https://www.inaturalist.org/observations/141022160,"20.7679725626,-156.2455141009",NA,26,kevinfaccenda,Haleakala National Park,HALE,5344
2022-11-03T13:04:43-10:00,2022/10/25 11:01 AM,Agrostis capillaris,species,colonial bent,https://www.inaturalist.org/observations/141020838,"20.7149779722,-156.2498329722",NA,NA,kevinfaccenda,Haleakala National Park,HALE,5375
2022-11-03T12:51:23-10:00,2022/10/25 9:06 AM,Cymbalaria muralis,species,Ivy-leaved toadflax,https://www.inaturalist.org/observations/141020038,"20.768073,-156.2436769722",NA,NA,kevinfaccenda,Haleakala National Park,HALE,5404
2022-11-03T12:51:17-10:00,2022/10/25 8:23 AM,Agrostis capillaris,species,colonial bent,https://www.inaturalist.org/observations/141020015,"20.7679757437,-156.2424519449",NA,40,kevinfaccenda,Haleakala National Park,HALE,5421
2022-11-03T12:26:41-10:00,2022/10/24 6:04 PM,Erigeron sumatrensis,species,tropical horseweed,https://www.inaturalist.org/observations/141018388,"20.7677461629,-156.2411747944",NA,8,kevinfaccenda,Haleakala National Park,HALE,5425
2022-11-03T12:26:39-10:00,2022/10/24 6:00 PM,Agrostis capillaris,species,colonial bent,https://www.inaturalist.org/observations/141018383,"20.767769,-156.2411429722",NA,NA,kevinfaccenda,Haleakala National Park,HALE,5427
2022-11-01T15:10:19-10:00,2022/10/23 10:07 AM,Sporobolus fertilis,species,Bloomsbury Grass,https://www.inaturalist.org/observations/140834222,"20.6672159722,-156.041717",NA,NA,kevinfaccenda,Haleakala National Park,HALE,5442
2022-11-01T15:10:17-10:00,2022/10/23 10:05 AM,Digitaria henryi,species,Henry's crabgrass,https://www.inaturalist.org/observations/140834215,"20.6673359722,-156.0416639722",NA,NA,kevinfaccenda,Haleakala National Park,HALE,5447
2022-11-01T14:56:14-10:00,2022/10/23 9:18 AM,Clerodendrum macrostegium,species,NA,https://www.inaturalist.org/observations/140833204,"20.662312,-156.045071",NA,NA,kevinfaccenda,Haleakala National Park,HALE,5450
2022-11-01T14:56:13-10:00,2022/10/23 9:14 AM,Sporobolus fertilis,species,Bloomsbury Grass,https://www.inaturalist.org/observations/140833201,"20.6617263928,-156.0453978581",NA,73,kevinfaccenda,Haleakala National Park,HALE,5452
2022-11-01T14:56:11-10:00,2022/10/23 9:09 AM,Sporobolus fertilis,species,Bloomsbury Grass,https://www.inaturalist.org/observations/140833194,"20.6617263928,-156.0453978581",NA,73,kevinfaccenda,Haleakala National Park,HALE,5458
2022-11-01T14:56:08-10:00,2022/10/23 9:01 AM,Digitaria henryi,species,Henry's crabgrass,https://www.inaturalist.org/observations/140833182,"20.6617263928,-156.0453978581",NA,73,kevinfaccenda,Haleakala National Park,HALE,5466
2022-11-01T14:56:08-10:00,2022/10/23 9:00 AM,Paspalum notatum,species,Bahia grass,https://www.inaturalist.org/observations/140833181,"20.6617263928,-156.0453978581",NA,73,kevinfaccenda,Haleakala National Park,HALE,5467
2022-11-01T14:56:06-10:00,2022/10/23 9:00 AM,Eragrostis tenuifolia,species,Elastic Grass,https://www.inaturalist.org/observations/140833175,"20.6617263928,-156.0453978581",NA,73,kevinfaccenda,Haleakala National Park,HALE,5472
2022-11-01T14:56:05-10:00,2022/10/23 8:59 AM,Digitaria henryi,species,Henry's crabgrass,https://www.inaturalist.org/observations/140833171,"20.6617263928,-156.0453978581",NA,73,kevinfaccenda,Haleakala National Park,HALE,5476
2022-10-16T08:00:47-10:00,2022-07-09 18:41:31-10:00,Neoregelia,genus,NA,https://www.inaturalist.org/observations/139003227,"20.7593833333,-156.2466883333",NA,4,yoshinoya89,Haleakala National Park,HALE,5498
2022-09-19T18:43:19-10:00,2022-09-17 12:10:13-10:00,Epilobium ciliatum,species,fringed willowherb,https://www.inaturalist.org/observations/135752834,"20.7168387845,-156.1453841407",NA,4,susanfawcett,Haleakala National Park,HALE,5561
2022-08-04T09:18:11-10:00,2022-08-04 08:49:51-10:00,Strelitzia reginae,species,common bird-of-paradise flower,https://www.inaturalist.org/observations/129448349,"20.744355,-156.2284383333",NA,4,ahare,Haleakala National Park,HALE,5692
2022-06-22T06:06:56-10:00,2022-06-18 14:23:12-10:00,Heliconia psittacorum,species,Parrot's Beak,https://www.inaturalist.org/observations/122962951,"20.7098166667,-156.252595",NA,4,sweeneyplatt,Haleakala National Park,HALE,5860
2022-06-19T18:26:30-10:00,2022-06-19 16:13:07-08:00,Macroptilium atropurpureum,species,Purple Bush-Bean,https://www.inaturalist.org/observations/122604697,"20.6622116667,-156.0437971667",NA,NA,christophermayhew,Haleakala National Park,HALE,5868
2022-05-18T11:52:47-10:00,Wed May 18 2022 11:52:28 GMT -1000 (HST),Sophora tomentosa,species,Necklace pod,https://www.inaturalist.org/observations/117651678,"20.7694816589,-156.2426452637",NA,3,arnochou,Haleakala National Park,HALE,5981
2022-05-09T09:37:19-10:00,2022-05-06 17:43:57-10:00,Prunus cerasifera,species,Cherry-plum,https://www.inaturalist.org/observations/116321549,"20.7181242714,-156.1418717635",NA,4,coridxn,Haleakala National Park,HALE,5983
2022-05-06T09:45:01-10:00,2022-05-06 09:19:49-10:00,Gladiolus dalenii,species,Dragon's-head Lily,https://www.inaturalist.org/observations/115785459,"20.7692679438,-156.2427600362",NA,10,cmcourard,Haleakala National Park,HALE,6005
2022-03-22T08:39:06-10:00,Mon Mar 21 2022 16:58:31 GMT -1000 (HST),Banksia,genus,Banksias,https://www.inaturalist.org/observations/109241407,"20.7104721069,-156.2529602051",NA,NA,sdick,Haleakala National Park,HALE,6075
2022-03-14T14:45:36-10:00,2022-03-13 17:53:54,Costus comosus,species,red tower ginger,https://www.inaturalist.org/observations/108623949,"20.7149497997,-156.2497936",NA,NA,noor24,Haleakala National Park,HALE,6082
2021-09-15T09:23:12-10:00,2021-09-12 11:47:53,Cyperus meyenianus,species,Meyen's Flatsedge,https://www.inaturalist.org/observations/94958451,"20.66795,-156.0520694444",NA,NA,qwercus,Haleakala National Park,HALE,6382
2021-09-11T13:52:17-10:00,Sat Sep 11 2021 13:52:10 GMT -1000 (HST),Eucalyptus cinerea,species,Argyle apple,https://www.inaturalist.org/observations/94512549,"20.7642803192,-156.2418365479",NA,20,rthrbfshn,Haleakala National Park,HALE,6402
2021-07-17T16:03:21-10:00,Fri Jul 16 2021 11:00:44 GMT-1000 (HST),Cyperus meyenianus,species,Meyen's Flatsedge,https://www.inaturalist.org/observations/87492744,"20.6689616667,-156.0527945",NA,10,unnecessaryj,Haleakala National Park,HALE,6489
2021-07-05T11:38:35-10:00,Mon Jul 05 2021 08:17:07 GMT-1000 (HST),Leucospermum,genus,Pincushions,https://www.inaturalist.org/observations/85829865,"20.7368848965,-156.2340382321",NA,65,sharrow-sparrow,Haleakala National Park,HALE,6542
2021-07-04T08:10:10-07:00,Mon May 17 2021 13:44:46 GMT-0700 (PDT),Ficus prolixa,species,Pacific Banyan,https://www.inaturalist.org/observations/85625243,"20.6994270715,-156.1485748291",NA,4811,sophie09177,Haleakala National Park,HALE,6545
2021-07-02T07:26:48-10:00,2021-06-29 14:11:21,Selenicereus undatus,species,Night-blooming Cereus,https://www.inaturalist.org/observations/85359478,"20.719646334,-156.1597232893",NA,3272,toddkraemer,Haleakala National Park,HALE,6548
2021-06-19T22:04:14-10:00,Sat Jun 19 2021 15:36:07 GMT-1000 (HST),Crinum asiaticum,species,Tree Crinum,https://www.inaturalist.org/observations/83752877,"20.66507,-156.0491028333",NA,5,laura-boymom,Haleakala National Park,HALE,6557
2021-06-14T14:52:54-04:00,2019-01-30 08:13:41,Ficus benghalensis,species,Indian banyan,https://www.inaturalist.org/observations/83036156,"20.6624044733,-156.0422163829",NA,86,mike_sherman,Haleakala National Park,HALE,6574
2021-06-08T19:30:39-10:00,Sun Jun 06 2021 05:04:45 GMT-1000 (HST),Allamanda cathartica,species,Golden Trumpet,https://www.inaturalist.org/observations/82256309,"20.7151916667,-156.2498783333",NA,4,hilarystaples,Haleakala National Park,HALE,6582
2021-04-18T16:36:49-04:00,2014/11/25 4:53 PM EST,Passiflora edulis flavicarpa,form,Yellow passionfruit,https://www.inaturalist.org/observations/74427862,"20.6625033333,-156.0418933333",NA,NA,cos-,Haleakala National Park,HALE,6659
2021-04-01T20:09:29-10:00,Thu Apr 01 2021 08:44:46 GMT-1000 (HST),Eucalyptus deglupta,species,Rainbow Gum,https://www.inaturalist.org/observations/72665559,"20.7680916667,-156.2374583333",NA,14,cprice,Haleakala National Park,HALE,6678
2020-12-15T14:07:13-08:00,2020/11/25 1:39 AM PST,Calyptocarpus vialis,species,straggler daisy,https://www.inaturalist.org/observations/66629169,"20.6615332723,-156.0447353677",NA,8,michael_long,Haleakala National Park,HALE,6767
2020-09-01T01:43:09+00:00,NA,Ficus benghalensis,species,Indian banyan,https://www.inaturalist.org/observations/58208326,"20.668709281,-156.0526179895",NA,263,constancesp,Haleakala National Park,HALE,6852
2020-04-20T22:21:16-07:00,2019/08/21 12:58 PM PDT,Cyperus meyenianus,species,Meyen's Flatsedge,https://www.inaturalist.org/observations/42734337,"20.667515,-156.0516766667",NA,NA,ekoberle,Haleakala National Park,HALE,6915
2022-12-31T08:57:13-10:00,2022-12-29 10:06:24,Ardisia elliptica,species,shoebutton Ardisia,https://www.inaturalist.org/observations/145520745,"19.4002296243,-155.2825423703",NA,4392,ajallday,Hawaii Volcanoes National Park,HAVO,7099
2022-12-30T13:07:03-10:00,2022/12/02 12:37 PM,Spermacoce prostrata,species,Prostrate False Buttonweed,https://www.inaturalist.org/observations/145460348,"19.4227027778,-155.2563777778",NA,5,jimirob1,Hawaii Volcanoes National Park,HAVO,7133
2022-12-23T10:16:57-10:00,2022-12-23 10:16:31-10:00,Plantago asiatica,species,Asian plantain,https://www.inaturalist.org/observations/144939788,"19.4163816422,-155.2429149115",NA,10,ericlopresti,Hawaii Volcanoes National Park,HAVO,7170
2022-12-23T08:40:12-10:00,2022-12-23 08:39:51-10:00,Plantago asiatica,species,Asian plantain,https://www.inaturalist.org/observations/144935486,"19.4294229197,-155.257097846",NA,5,ericlopresti,Hawaii Volcanoes National Park,HAVO,7175
2022-12-20T17:52:51-10:00,2022-12-20 16:46:04-10:00,Bombax ceiba,species,Red Silk Cotton Tree,https://www.inaturalist.org/observations/144770268,"19.4129866667,-155.24008",NA,4,nancyje,Hawaii Volcanoes National Park,HAVO,7205
2022-12-01T18:54:56-10:00,2022/12/01 10:36 AM,Microlepia setosa setosa,variety,palapalai,https://www.inaturalist.org/observations/143476118,"19.4385444444,-155.3031111111",NA,NA,jimirob1,Hawaii Volcanoes National Park,HAVO,7350
2022-10-22T08:14:22-10:00,2022/10/04 5:40 PM,Microlepia setosa setosa,variety,palapalai,https://www.inaturalist.org/observations/139654176,"19.4425002332,-155.3040875513",NA,NA,silversea_starsong,Hawaii Volcanoes National Park,HAVO,7734
2022-10-08T13:12:19-10:00,2022/07/22 7:47 PM,Spermacoce prostrata,species,Prostrate False Buttonweed,https://www.inaturalist.org/observations/138047602,"19.4225815402,-155.256138541",NA,102,yerbasanta,Hawaii Volcanoes National Park,HAVO,7944
2022-09-25T13:10:48-10:00,Sat Sep 24 2022 13:22:21 GMT -1000 (HST),Plantago asiatica,species,Asian plantain,https://www.inaturalist.org/observations/136505615,"19.4138336182,-155.2385253906",NA,5,voishelk,Hawaii Volcanoes National Park,HAVO,8017
2022-09-18T21:11:04-10:00,2022-09-18 11:15:25,Microlepia setosa setosa,variety,palapalai,https://www.inaturalist.org/observations/135636288,"19.4386944444,-155.3036388889",NA,NA,alexis_mushroom,Hawaii Volcanoes National Park,HAVO,8095
2022-09-13T12:16:39-10:00,2022/04/18 2:28 PM,Microlepia setosa setosa,variety,palapalai,https://www.inaturalist.org/observations/134918936,"19.4427916667,-155.3032944444",NA,NA,conorflynn,Hawaii Volcanoes National Park,HAVO,8141
2022-09-04T18:08:29-10:00,2022-08-31 17:57:36,Plantago asiatica,species,Asian plantain,https://www.inaturalist.org/observations/133722609,"19.4307717056,-155.2596215531",NA,84,kweitemier,Hawaii Volcanoes National Park,HAVO,8243
2022-09-01T22:40:46-10:00,2022-09-01 11:45:54-10:00,Microlepia setosa setosa,variety,palapalai,https://www.inaturalist.org/observations/133310736,"19.4428716667,-155.3032833333",NA,4,ravengirl1220,Hawaii Volcanoes National Park,HAVO,8281
2022-08-26T09:34:57-10:00,2022-08-26 08:47:49-10:00,Plantago asiatica,species,Asian plantain,https://www.inaturalist.org/observations/132455592,"19.4149666667,-155.23697",NA,23,cadenwilliams,Hawaii Volcanoes National Park,HAVO,8324
2022-08-24T19:30:53-10:00,2022/08/19 1:25 PM,Bothriochloa bladhii,species,Australian Bluestem,https://www.inaturalist.org/observations/132240137,"19.373603,-155.234616",NA,250,kevinfaccenda,Hawaii Volcanoes National Park,HAVO,8366
2022-08-24T19:30:52-10:00,2022/08/19 1:19 PM,Linaria texana,species,Texas toadflax,https://www.inaturalist.org/observations/132240135,"19.371217,-155.2258549722",NA,NA,kevinfaccenda,Hawaii Volcanoes National Park,HAVO,8367
2022-08-24T19:30:50-10:00,2022/08/19 1:14 PM,Spermacoce prostrata,species,Prostrate False Buttonweed,https://www.inaturalist.org/observations/132240128,"19.3712769722,-155.225501",NA,NA,kevinfaccenda,Hawaii Volcanoes National Park,HAVO,8373
2022-08-23T23:05:48-10:00,2022/08/19 8:48 AM,Spermacoce prostrata,species,Prostrate False Buttonweed,https://www.inaturalist.org/observations/132116031,"19.3176309722,-155.1662919722",NA,NA,kevinfaccenda,Hawaii Volcanoes National Park,HAVO,8482
2022-08-23T22:55:40-10:00,2022/08/18 3:29 PM,Spermacoce prostrata,species,Prostrate False Buttonweed,https://www.inaturalist.org/observations/132115539,"19.376352,-155.21778",NA,NA,kevinfaccenda,Hawaii Volcanoes National Park,HAVO,8522
2022-08-23T22:55:34-10:00,2022/08/18 2:52 PM,Spermacoce prostrata,species,Prostrate False Buttonweed,https://www.inaturalist.org/observations/132115522,"19.3799889722,-155.2198699722",NA,NA,kevinfaccenda,Hawaii Volcanoes National Park,HAVO,8538
2022-08-21T23:19:20-10:00,2022/08/18 11:51 AM,Cyperus sanguinolentus,species,purpleglume flatsedge,https://www.inaturalist.org/observations/131864804,"19.4084997045,-155.236053711",NA,15,kevinfaccenda,Hawaii Volcanoes National Park,HAVO,8671
2022-08-21T23:19:17-10:00,2022/08/18 11:25 AM,Cyperus sanguinolentus,species,purpleglume flatsedge,https://www.inaturalist.org/observations/131864795,"19.410422,-155.236929",NA,NA,kevinfaccenda,Hawaii Volcanoes National Park,HAVO,8678
2022-08-21T23:19:17-10:00,2022/08/18 11:25 AM,Plantago asiatica,species,Asian plantain,https://www.inaturalist.org/observations/131864794,"19.4104799722,-155.236801",NA,NA,kevinfaccenda,Hawaii Volcanoes National Park,HAVO,8679
2022-08-21T23:19:12-10:00,2022/08/18 11:18 AM,Plantago asiatica,species,Asian plantain,https://www.inaturalist.org/observations/131864776,"19.4110459722,-155.23715",NA,NA,kevinfaccenda,Hawaii Volcanoes National Park,HAVO,8694
2022-08-21T23:19:09-10:00,2022/08/18 9:38 AM,Plantago asiatica,species,Asian plantain,https://www.inaturalist.org/observations/131864765,"19.4157304723,-155.2390237859",NA,24,kevinfaccenda,Hawaii Volcanoes National Park,HAVO,8699
2022-08-21T21:22:53-10:00,2022/08/16 3:51 PM,Cyperus sanguinolentus,species,purpleglume flatsedge,https://www.inaturalist.org/observations/131857896,"19.4193233741,-155.2404563981",NA,8,kevinfaccenda,Hawaii Volcanoes National Park,HAVO,8810
2022-08-21T21:22:49-10:00,2022/08/16 1:31 PM,Cyperus sanguinolentus,species,purpleglume flatsedge,https://www.inaturalist.org/observations/131857884,"19.4203144514,-155.2429669458",NA,33,kevinfaccenda,Hawaii Volcanoes National Park,HAVO,8819
2022-08-21T20:37:23-10:00,2022/08/15 4:49 PM,Linaria texana,species,Texas toadflax,https://www.inaturalist.org/observations/131855554,"19.4352839722,-155.284953",NA,NA,kevinfaccenda,Hawaii Volcanoes National Park,HAVO,8861
2022-08-21T18:39:10-10:00,2022/08/15 11:32 AM,Rytidosperma racemosum racemosum,variety,NA,https://www.inaturalist.org/observations/131848300,"19.4835984504,-155.3778542853",NA,15,kevinfaccenda,Hawaii Volcanoes National Park,HAVO,8942
2022-08-20T21:55:39-10:00,2022/08/13 4:28 PM,Eragrostis pilosa,species,Jersey Love-grass,https://www.inaturalist.org/observations/131699318,"19.4332489722,-155.2734859722",NA,NA,kevinfaccenda,Hawaii Volcanoes National Park,HAVO,8987
2022-08-20T21:27:24-10:00,2022/08/19 9:05 PM,Microlepia setosa setosa,variety,palapalai,https://www.inaturalist.org/observations/131697795,"19.4411180839,-155.3029400943",NA,258,bness2,Hawaii Volcanoes National Park,HAVO,8995
2022-08-20T18:30:31-10:00,2022/08/13 9:54 AM,Cyperus sanguinolentus,species,purpleglume flatsedge,https://www.inaturalist.org/observations/131687559,"19.462094,-155.2479179722",NA,NA,kevinfaccenda,Hawaii Volcanoes National Park,HAVO,9002
2022-08-20T15:54:06-10:00,2022/08/09 8:50 PM,Cyperus sanguinolentus,species,purpleglume flatsedge,https://www.inaturalist.org/observations/131672579,"19.4242911005,-155.2569440232",NA,31,kevinfaccenda,Hawaii Volcanoes National Park,HAVO,9257
2022-08-20T15:54:00-10:00,2022/08/09 6:21 PM,Cyperus sanguinolentus,species,purpleglume flatsedge,https://www.inaturalist.org/observations/131672556,"19.415136,-155.2408069722",NA,NA,kevinfaccenda,Hawaii Volcanoes National Park,HAVO,9266
2022-08-20T15:53:56-10:00,2022/08/09 5:56 PM,Cyperus sanguinolentus,species,purpleglume flatsedge,https://www.inaturalist.org/observations/131672540,"19.4209366699,-155.2526207802",NA,15,kevinfaccenda,Hawaii Volcanoes National Park,HAVO,9277
2022-08-20T15:34:46-10:00,2022/08/09 1:57 PM,Microlepia setosa mauiensis,variety,maui palapalai,https://www.inaturalist.org/observations/131670547,"19.1476189722,-155.6875459722",NA,NA,kevinfaccenda,Hawaii Volcanoes National Park,HAVO,9295
2022-08-12T16:22:38-10:00,2022-05-19 12:01:35-10:00,Lantana × strigocamara,hybrid,Lantana,https://www.inaturalist.org/observations/130580400,"19.2955695997,-155.0970702897",NA,244,carmenreddick,Hawaii Volcanoes National Park,HAVO,9514
2022-08-10T21:27:24-10:00,2022-08-10 15:04:08-10:00,Spermacoce prostrata,species,Prostrate False Buttonweed,https://www.inaturalist.org/observations/130345305,"19.4313248525,-155.2680091635",NA,291,natev,Hawaii Volcanoes National Park,HAVO,9545
2022-08-02T22:25:00-10:00,2022-08-01 16:04:44-10:00,Tillandsia usneoides,species,Spanish moss,https://www.inaturalist.org/observations/129250534,"19.4186716667,-155.289795",NA,3,gilawild,Hawaii Volcanoes National Park,HAVO,9688
2022-07-27T13:38:59-10:00,2022/07/21 5:12 PM,Spermacoce prostrata,species,Prostrate False Buttonweed,https://www.inaturalist.org/observations/128220975,"19.3651931047,-155.2148857111",NA,25,earth_tide,Hawaii Volcanoes National Park,HAVO,9764
2022-06-27T14:15:53-10:00,2022-06-27 14:15:31-10:00,Plantago asiatica,species,Asian plantain,https://www.inaturalist.org/observations/123767223,"19.4312288007,-155.2600753495",NA,6,judymom,Hawaii Volcanoes National Park,HAVO,10057
2022-06-14T16:30:57-10:00,2022-06-14 10:20:01,Santalum ellipticum,species,ʻIliahi aloʻe,https://www.inaturalist.org/observations/121824438,"19.3224133002,-155.2727552235",NA,7,jimkingdon,Hawaii Volcanoes National Park,HAVO,10228
2022-06-14T15:58:21-10:00,2022-06-14 10:21:55-10:00,Santalum ellipticum,species,ʻIliahi aloʻe,https://www.inaturalist.org/observations/121821634,"19.2857723737,-155.3669032983",NA,1487,naturedocentintraining,Hawaii Volcanoes National Park,HAVO,10233
2022-06-12T17:30:21-10:00,2022-06-12 08:04:52,Begonia hirtella,species,bearded begonia,https://www.inaturalist.org/observations/121536617,"19.4172563377,-155.2431903407",NA,8,jimkingdon,Hawaii Volcanoes National Park,HAVO,10270
2022-06-04T22:19:31-10:00,2022/06/04 4:09 PM,Wahlenbergia marginata,species,southern rockbell,https://www.inaturalist.org/observations/120296183,"19.0966451105,-155.6919428285",NA,8,drclements,Hawaii Volcanoes National Park,HAVO,10318
2022-05-31T17:56:51-10:00,2022-05-31 14:33:56-10:00,Microlepia setosa setosa,variety,palapalai,https://www.inaturalist.org/observations/119689588,"19.4426083333,-155.3038633333",NA,4,kazzkelly14,Hawaii Volcanoes National Park,HAVO,10389
2022-05-31T17:47:11-10:00,2022-05-31 11:24:16-10:00,Pachystachys lutea,species,golden shrimp plant,https://www.inaturalist.org/observations/119688600,"19.4185116667,-155.2494366667",NA,3,kazzkelly14,Hawaii Volcanoes National Park,HAVO,10391
2022-05-31T07:37:08-10:00,2022-05-18 18:22:43-10:00,Dianthus chinensis × barbatus,hybrid,NA,https://www.inaturalist.org/observations/119614360,"19.4246636918,-155.2568772966",NA,88,lianarose,Hawaii Volcanoes National Park,HAVO,10394
2022-05-19T18:51:41-10:00,2022-05-19 10:41:01,Dianthus chinensis × barbatus,hybrid,NA,https://www.inaturalist.org/observations/117823655,"19.4299354,-155.2676628",NA,NA,scadwell,Hawaii Volcanoes National Park,HAVO,10529
2022-05-19T18:48:03-10:00,2022-05-19 13:35:19,Spermacoce prostrata,species,Prostrate False Buttonweed,https://www.inaturalist.org/observations/117823444,"19.3272072,-155.1926899",NA,NA,scadwell,Hawaii Volcanoes National Park,HAVO,10544
2022-05-17T09:50:52-10:00,2022-05-16 15:02:31,Tithonia diversifolia,species,Mexican sunflower,https://www.inaturalist.org/observations/117493309,"19.4058309997,-155.2530864",NA,NA,zoology123,Hawaii Volcanoes National Park,HAVO,10606
2022-04-22T16:32:21-10:00,2019-12-31 17:10:54-10:00,Hibiscus × rosa-sinensis,hybrid,Tricolor Hibiscus,https://www.inaturalist.org/observations/112470294,"19.3360702949,-155.2742809398",NA,10887,miranda308,Hawaii Volcanoes National Park,HAVO,10894
2022-04-15T15:37:33-10:00,2022-04-15 12:09:21-10:00,Pachystachys lutea,species,golden shrimp plant,https://www.inaturalist.org/observations/111596911,"19.3039283333,-155.153825",NA,5005,arlingtonann,Hawaii Volcanoes National Park,HAVO,10903
2022-03-12T11:34:34-10:00,2022/03/01 9:20 PM HST,Plantago asiatica,species,Asian plantain,https://www.inaturalist.org/observations/108459476,"19.4251399233,-155.2572030058",NA,166,kevinfaccenda,Hawaii Volcanoes National Park,HAVO,11168
2022-03-12T11:34:11-10:00,2022/03/01 6:56 PM HST,Chrysanthemum,genus,chrysanthemums,https://www.inaturalist.org/observations/108459395,"19.4151339722,-155.2424949722",NA,NA,kevinfaccenda,Hawaii Volcanoes National Park,HAVO,11216
2022-03-11T23:08:05-10:00,2022/03/01 10:17 AM HST,Linaria texana,species,Texas toadflax,https://www.inaturalist.org/observations/108420210,"19.110208,-155.696956",NA,NA,kevinfaccenda,Hawaii Volcanoes National Park,HAVO,11330
2022-02-08T21:07:58-10:00,Tue Feb 08 2022 09:25:18 GMT-1000 (HST),Microlepia setosa setosa,variety,palapalai,https://www.inaturalist.org/observations/106422487,"19.4429533333,-155.3031",NA,10,brighteyedjane,Hawaii Volcanoes National Park,HAVO,11721
2022-02-03T16:09:17-08:00,2011/03/25 11:53 AM PDT,Cattleya,genus,NA,https://www.inaturalist.org/observations/106095810,"19.4256841329,-155.2587521342",NA,488,deanwalton,Hawaii Volcanoes National Park,HAVO,11760
2022-01-11T18:35:13-06:00,Thu Jan 06 2022 15:34:53 GMT-0600 (CST),Microlepia setosa setosa,variety,palapalai,https://www.inaturalist.org/observations/104787696,"19.43493,-155.2985216667",NA,5175,matthewt6416,Hawaii Volcanoes National Park,HAVO,11902
2022-01-11T18:32:40-06:00,Thu Jan 06 2022 15:21:53 GMT-0600 (CST),Microlepia setosa setosa,variety,palapalai,https://www.inaturalist.org/observations/104787591,"19.4398466667,-155.3042916667",NA,309,matthewt6416,Hawaii Volcanoes National Park,HAVO,11908
2021-12-17T21:29:40-05:00,2011/08/19 5:54 PM EDT,Begonia hirtella,species,bearded begonia,https://www.inaturalist.org/observations/103229432,"19.4277842715,-155.2871484844",NA,5878,juliakmil,Hawaii Volcanoes National Park,HAVO,12364
2021-11-08T12:29:28-10:00,Mon Nov 08 2021 12:28:50 GMT-1000 (HST),Plantago asiatica,species,Asian plantain,https://www.inaturalist.org/observations/100631865,"19.4143778645,-155.2387466749",NA,5,mikey3m,Hawaii Volcanoes National Park,HAVO,12636
2021-11-05T23:15:38-05:00,Tue Nov 02 2021 11:24:14 GMT-0500 (CDT),Etlingera elatior,species,Torch ginger,https://www.inaturalist.org/observations/100372432,"19.43108,-155.27298",NA,5,jennbixby,Hawaii Volcanoes National Park,HAVO,12669
2021-11-04T08:17:07-06:00,Tue Nov 02 2021 14:15:00 GMT-0600 (MDT),Anthurium andraeanum,species,painter's-palette,https://www.inaturalist.org/observations/100234086,"19.4150718027,-155.2422950491",NA,659,jennbixby,Hawaii Volcanoes National Park,HAVO,12725
2021-10-17T15:02:53-07:00,2021/06/21 5:25 PM PDT,Microlepia setosa setosa,variety,palapalai,https://www.inaturalist.org/observations/98544884,"19.4402987677,-155.302792299",NA,333,yerbasanta,Hawaii Volcanoes National Park,HAVO,12925
2021-10-17T08:40:16-10:00,Fri Oct 15 2021 18:37:29 GMT-1000 (HST),Stapelia gigantea,species,Zulu Giant,https://www.inaturalist.org/observations/98520448,"19.4048533333,-155.2601783333",NA,4,maybedre,Hawaii Volcanoes National Park,HAVO,12949
2021-10-13T18:46:06-07:00,2021/06/21 12:54 PM PDT,Spermacoce prostrata,species,Prostrate False Buttonweed,https://www.inaturalist.org/observations/98160730,"19.3665877227,-155.2129353502",NA,465,yerbasanta,Hawaii Volcanoes National Park,HAVO,13034
2021-10-11T14:55:58-10:00,2021-10-07 11:20:33,Microlepia setosa setosa,variety,palapalai,https://www.inaturalist.org/observations/97961831,"19.440904332,-155.3028580919",NA,479,cmt2,Hawaii Volcanoes National Park,HAVO,13073
2021-10-11T12:59:49-10:00,2021-09-27 11:55:09,Microlepia setosa setosa,variety,palapalai,https://www.inaturalist.org/observations/97951024,"19.44281018,-155.30336738",NA,7,paul_norwood,Hawaii Volcanoes National Park,HAVO,13094
2021-10-11T11:08:43-10:00,2021-09-26 16:46:44,Plantago asiatica,species,Asian plantain,https://www.inaturalist.org/observations/97938306,"19.41535471,-155.24244137",NA,8,paul_norwood,Hawaii Volcanoes National Park,HAVO,13111
2021-09-12T14:19:26-10:00,Mon Aug 30 2021 11:43:00 GMT-1000 (HST),Clerodendrum chinense,species,Chinese Glorybower,https://www.inaturalist.org/observations/94655384,"19.4892229593,-155.254583",NA,5244,deathdirk,Hawaii Volcanoes National Park,HAVO,13241
2021-09-12T14:07:46-10:00,Thu Sep 09 2021 16:08:00 GMT-1000 (HST),Gardenia,genus,gardenias,https://www.inaturalist.org/observations/94654108,"19.48922295,-155.254583",NA,5244,deathdirk,Hawaii Volcanoes National Park,HAVO,13244
2021-09-05T09:13:19-07:00,NA,Bouchetia erecta,species,erect bouchetia,https://www.inaturalist.org/observations/93732008,"19.4068929,-155.2833786",NA,1476,abalonequeen,Hawaii Volcanoes National Park,HAVO,13286
2021-08-25T09:49:06-10:00,Mon Aug 16 2021 06:58:02 GMT-0700 (PDT),Microlepia setosa setosa,variety,palapalai,https://www.inaturalist.org/observations/92500027,"19.442805,-155.30333",NA,5,tiwane,Hawaii Volcanoes National Park,HAVO,13371
2021-08-08T07:02:44-10:00,Sat Aug 07 2021 17:34:05 GMT-1000 (HST),Bambusa vulgaris,species,common bamboo,https://www.inaturalist.org/observations/90415317,"19.41452,-155.2380833333",NA,12,katiemarsan,Hawaii Volcanoes National Park,HAVO,13513
2021-06-28T18:56:39+00:00,2021-06-27 11:56:37,Epipremnum aureum,species,Golden Pothos,https://www.inaturalist.org/observations/84882071,"19.4232853349,-155.2841674536",NA,192,mothymare,Hawaii Volcanoes National Park,HAVO,13718
2021-05-18T20:22:57-10:00,Tue May 18 2021 17:11:57 GMT-1000 (HST),Microlepia setosa setosa,variety,palapalai,https://www.inaturalist.org/observations/79366276,"19.4422656577,-155.3035917818",NA,68,bdale1334,Hawaii Volcanoes National Park,HAVO,13912
2021-05-07T10:58:10-10:00,Fri May 07 2021 10:57:56 GMT-1000 (HST),Pontederia crassipes,species,common water hyacinth,https://www.inaturalist.org/observations/77802473,"19.2419359638,-155.4015312876",NA,14005,sugle90,Hawaii Volcanoes National Park,HAVO,13951
2021-02-08T15:51:45-08:00,2019/02/02 4:33 PM PST,Spermacoce prostrata,species,Prostrate False Buttonweed,https://www.inaturalist.org/observations/69280170,"19.3773027778,-155.2372583333",NA,5,marcus_t,Hawaii Volcanoes National Park,HAVO,14108
2021-01-19T00:45:21+00:00,2021-01-08 7:57:38 AM HST,Microlepia setosa setosa,variety,palapalai,https://www.inaturalist.org/observations/68302630,"19.4406871296,-155.3026807308",NA,382,cmt2,Hawaii Volcanoes National Park,HAVO,14161
2021-01-10T03:44:37+00:00,2021-01-09T17:43:59-10:00,Anthurium andraeanum,species,painter's-palette,https://www.inaturalist.org/observations/67835077,"19.4299857656,-155.2669489753",NA,84,ssm57,Hawaii Volcanoes National Park,HAVO,14186
2021-01-08T16:33:12-10:00,Fri Jan 08 2021 07:52:08 GMT-1000 (HST),Rhododendron viscosum,species,swamp azalea,https://www.inaturalist.org/observations/67776628,"19.43083833,-155.26563833",NA,18,dukjoon,Hawaii Volcanoes National Park,HAVO,14189
2020-07-23T23:50:42-04:00,2013/01/01 4:45 PM EST,Microlepia setosa setosa,variety,palapalai,https://www.inaturalist.org/observations/54126060,"19.4411033333,-155.301415",NA,NA,cos-,Hawaii Volcanoes National Park,HAVO,14408
2020-07-10T08:24:16-10:00,Sat Jun 22 2019 15:16:46 GMT-1000 (HST),Crepis capillaris,species,Smooth hawksbeard,https://www.inaturalist.org/observations/52597818,"19.4302783333,-155.2696216667",NA,NA,subpilot1,Hawaii Volcanoes National Park,HAVO,14450
2020-05-20T11:14:17-04:00,2018/01/11 5:09 PM EST,Microlepia setosa setosa,variety,palapalai,https://www.inaturalist.org/observations/46607196,"19.3833355,-155.2000045",NA,2046,hb2000,Hawaii Volcanoes National Park,HAVO,14473
2020-02-03T19:18:33-10:00,Mon Feb 03 2020 17:01:20 GMT-1000 (HST),Microlepia setosa setosa,variety,palapalai,https://www.inaturalist.org/observations/38286470,"19.44236667,-155.30168",NA,4,ip_ale,Hawaii Volcanoes National Park,HAVO,14674
2020-01-26T15:58:47-05:00,2019/12/27 3:57 PM EST,Microlepia setosa setosa,variety,palapalai,https://www.inaturalist.org/observations/38000478,"19.4469444,-155.3036111",NA,2045,cuihenggang,Hawaii Volcanoes National Park,HAVO,14736
2020-01-24T20:19:19-10:00,Fri Jan 24 2020 13:59:07 GMT-1000 (HST),Gomphrena globosa,species,Globe amaranth,https://www.inaturalist.org/observations/37940119,"19.2854048981,-155.1420304312",NA,3695,douglasglobal,Hawaii Volcanoes National Park,HAVO,14748
2022-11-09T15:41:10-10:00,2022/11/05 8:48 PM,Delonix regia,species,Flamboyant,https://www.inaturalist.org/observations/141578856,"21.1901336185,-156.9811106156",NA,2,dabeebuzz,Kalaupapa National Historical Park,KALA,14892
2022-11-09T15:41:09-10:00,2022/11/05 8:49 PM,Delonix regia,species,Flamboyant,https://www.inaturalist.org/observations/141578855,"21.1901703302,-156.9811397542",NA,15,dabeebuzz,Kalaupapa National Historical Park,KALA,14893
2022-11-09T15:36:50-10:00,2022/11/05 8:46 PM,Plumeria rubra,species,Mexican Plumeria,https://www.inaturalist.org/observations/141578644,"21.1901066735,-156.9808168921",NA,15,dabeebuzz,Kalaupapa National Historical Park,KALA,14894
2022-11-09T15:36:49-10:00,2022/11/05 8:45 PM,Salvia rosmarinus,species,Rosemary,https://www.inaturalist.org/observations/141578641,"21.1901294769,-156.9807375408",NA,15,dabeebuzz,Kalaupapa National Historical Park,KALA,14895
2022-11-04T20:08:47-10:00,2022/10/31 4:11 PM,Plumeria obtusa,species,White Frangipani,https://www.inaturalist.org/observations/141132929,"21.1879208068,-156.9834421063",NA,15,dabeebuzz,Kalaupapa National Historical Park,KALA,14897
2022-11-04T20:05:54-10:00,2022/11/01 6:56 PM,Alpinia purpurata,species,Red Ginger,https://www.inaturalist.org/observations/141132805,"21.1907471116,-156.9825354733",NA,21,dabeebuzz,Kalaupapa National Historical Park,KALA,14899
2022-11-04T20:04:43-10:00,2022/10/31 4:00 PM,Hibiscus × archeri,hybrid,Red Hibiscus,https://www.inaturalist.org/observations/141132770,"21.1882633685,-156.9840369028",NA,8,dabeebuzz,Kalaupapa National Historical Park,KALA,14900
2022-10-29T11:54:18-10:00,2022/10/29 11:47 AM,Crassula ovata,species,jade plant,https://www.inaturalist.org/observations/140433867,"21.188094961,-156.9827137447",NA,31,dabeebuzz,Kalaupapa National Historical Park,KALA,14902
2022-10-29T11:45:47-10:00,2022/10/29 12:01 PM,Strelitzia reginae,species,common bird-of-paradise flower,https://www.inaturalist.org/observations/140432746,"21.1883637065,-156.9826673776",NA,18,dabeebuzz,Kalaupapa National Historical Park,KALA,14907
2022-10-28T14:11:13-10:00,2022/10/28 5:16 PM,Bougainvillea glabra,species,lesser bougainvillea,https://www.inaturalist.org/observations/140315010,"21.187143291,-156.9834407278",NA,8,dabeebuzz,Kalaupapa National Historical Park,KALA,14908
2022-10-28T14:09:46-10:00,2022/10/28 5:13 PM,Bougainvillea,genus,bougainvilleas,https://www.inaturalist.org/observations/140314922,"21.18724009,-156.983504291",NA,15,dabeebuzz,Kalaupapa National Historical Park,KALA,14910
2022-10-28T13:59:08-10:00,2022/10/28 4:57 PM,Citrus deliciosa,species,tangerine,https://www.inaturalist.org/observations/140314122,"21.1868755513,-156.983905894",NA,15,dabeebuzz,Kalaupapa National Historical Park,KALA,14914
2022-10-28T13:55:37-10:00,2022/10/28 4:42 PM,Musa acuminata,species,Cavendish banana,https://www.inaturalist.org/observations/140313812,"21.1873726728,-156.9836550641",NA,9,dabeebuzz,Kalaupapa National Historical Park,KALA,14917
2022-10-27T09:08:45-10:00,2022/10/26 8:53 PM,Gomphocarpus physocarpus,species,balloonplant,https://www.inaturalist.org/observations/140178576,"21.1848625666,-156.9851625533",NA,42,dabeebuzz,Kalaupapa National Historical Park,KALA,14921
2022-10-27T08:42:32-10:00,2022/10/26 9:03 PM,Senna didymobotrya,species,Peanut-Butter Cassia,https://www.inaturalist.org/observations/140176163,"21.1849154587,-156.9849711305",NA,31,dabeebuzz,Kalaupapa National Historical Park,KALA,14928
2022-10-25T11:31:51-10:00,2022/08/06 9:30 PM,Plumeria obtusa,species,White Frangipani,https://www.inaturalist.org/observations/140003476,"21.1918903821,-156.9826353093",NA,292,dabeebuzz,Kalaupapa National Historical Park,KALA,14932
2022-06-05T06:35:07-10:00,2022/05/13 11:05 AM,Dracaena reflexa angustifolia,variety,Madagascar Dragon-tree,https://www.inaturalist.org/observations/120357199,"21.1735054,-157.0018305",NA,7,sea-kangaroo,Kalaupapa National Historical Park,KALA,14936
2022-06-05T06:35:01-10:00,2022/05/13 9:30 AM,Banksia speciosa,species,Showy Banksia,https://www.inaturalist.org/observations/120357169,"21.177046,-157.0052591",NA,7,sea-kangaroo,Kalaupapa National Historical Park,KALA,14937
2020-04-28T17:49:48+00:00,2020-04-28 7:49:13 AM HST,Pachira aquatica,species,provision tree,https://www.inaturalist.org/observations/44149963,"21.19070183,-156.98033403",NA,7,kamaile1,Kalaupapa National Historical Park,KALA,14950
2022-12-21T15:18:18-10:00,2022/12/02 11:46 AM,Nephroia orbiculata,species,queen coralbead,https://www.inaturalist.org/observations/144825954,"19.691939475,-156.0429643599",NA,61,pacn_plants,Kaloko-Honokohau National Historical Park,KAHO,14958
2022-12-21T15:18:18-10:00,2022/12/04 10:42 AM,Erigeron sumatrensis,species,tropical horseweed,https://www.inaturalist.org/observations/144825953,"19.6784027778,-156.0221555556",NA,NA,pacn_plants,Kaloko-Honokohau National Historical Park,KAHO,14959
2022-12-21T15:11:24-10:00,2022/12/03 12:00 PM,Indigofera spicata,species,Creeping Indigo,https://www.inaturalist.org/observations/144825446,"19.6857861111,-156.0242083333",NA,NA,pacn_plants,Kaloko-Honokohau National Historical Park,KAHO,14960
2022-12-21T15:11:23-10:00,2022/12/03 10:19 AM,Urochloa distachyos,species,green summer grass,https://www.inaturalist.org/observations/144825442,"19.6860944444,-156.0304138889",NA,NA,pacn_plants,Kaloko-Honokohau National Historical Park,KAHO,14961
2022-12-21T15:11:22-10:00,2022/12/04 10:35 AM,Pteris vittata,species,Ladder brake,https://www.inaturalist.org/observations/144825440,"19.6787944444,-156.0221222222",NA,NA,pacn_plants,Kaloko-Honokohau National Historical Park,KAHO,14962
2022-12-21T15:11:20-10:00,2022/12/03 11:42 AM,Sporobolus africanus,species,Parramatta Grass,https://www.inaturalist.org/observations/144825435,"19.6855222222,-156.0253611111",NA,NA,pacn_plants,Kaloko-Honokohau National Historical Park,KAHO,14963
2022-12-21T15:11:20-10:00,2022/12/04 8:48 AM,Stylosanthes,genus,NA,https://www.inaturalist.org/observations/144825434,"19.6778694444,-156.0201222222",NA,NA,pacn_plants,Kaloko-Honokohau National Historical Park,KAHO,14964
2022-12-21T15:11:19-10:00,2022/12/02 1:08 PM,Boehmeria nivea,species,Ramie,https://www.inaturalist.org/observations/144825430,"19.6925546798,-156.0427095501",NA,61,pacn_plants,Kaloko-Honokohau National Historical Park,KAHO,14965
2022-12-16T09:16:22-10:00,Fri Dec 16 2022 09:15:18 GMT-1000 (HST),Pteris vittata,species,Ladder brake,https://www.inaturalist.org/observations/144489213,"19.6786684404,-156.0215842474",NA,8,everylilac,Kaloko-Honokohau National Historical Park,KAHO,14970
2022-11-28T22:35:17-10:00,2022/11/28 5:11 PM,Washingtonia,genus,Fan Palms,https://www.inaturalist.org/observations/143252235,"19.6717516,-156.0251891",NA,NA,pacn_plants,Kaloko-Honokohau National Historical Park,KAHO,14973
2022-11-28T22:35:17-10:00,2022/11/28 1:16 PM,Porophyllum ruderale,species,yerba porosa,https://www.inaturalist.org/observations/143252234,"19.6712111111,-156.0242",NA,NA,pacn_plants,Kaloko-Honokohau National Historical Park,KAHO,14974
2022-11-28T22:35:17-10:00,2022/11/28 5:01 PM,Zoysia,genus,NA,https://www.inaturalist.org/observations/143252233,"19.6718221,-156.0254022",NA,NA,pacn_plants,Kaloko-Honokohau National Historical Park,KAHO,14975
2022-09-03T21:49:29-10:00,2022-08-30 14:10:53,Porophyllum ruderale,species,yerba porosa,https://www.inaturalist.org/observations/133579111,"19.671235976,-156.0242905095",NA,45,kweitemier,Kaloko-Honokohau National Historical Park,KAHO,15028
2022-08-28T00:41:18-10:00,2022-08-26 10:36:53-10:00,Pteris vittata,species,Ladder brake,https://www.inaturalist.org/observations/132543562,"19.6788407937,-156.021909861",NA,8,murielbendel,Kaloko-Honokohau National Historical Park,KAHO,15039
2022-07-15T13:36:41-10:00,2022-04-12 13:31:16-10:00,Vitex rotundifolia,species,Beach Vitex,https://www.inaturalist.org/observations/126410939,"19.671304822,-156.0227711221",NA,9,mmcall7,Kaloko-Honokohau National Historical Park,KAHO,15060
2022-06-26T14:17:14-10:00,2022-06-26 14:16:55-10:00,Porophyllum ruderale,species,yerba porosa,https://www.inaturalist.org/observations/123623462,"19.6744061599,-156.0241865702",NA,424,hailauren,Kaloko-Honokohau National Historical Park,KAHO,15073
2022-06-26T13:25:50-10:00,2022-06-26 13:25:12-10:00,Stachytarpheta cayennensis,species,Rattail,https://www.inaturalist.org/observations/123616857,"19.6762058884,-156.0220644438",NA,5,judymom,Kaloko-Honokohau National Historical Park,KAHO,15096
2022-05-14T10:16:28-10:00,2022-05-14 09:13:05,Mollugo verticillata,species,green carpetweed,https://www.inaturalist.org/observations/117028091,"19.6782970583,-156.0218923583",NA,NA,zoology123,Kaloko-Honokohau National Historical Park,KAHO,15182
2022-05-14T09:53:59-10:00,2022-05-14 09:18:53,Pteris vittata,species,Ladder brake,https://www.inaturalist.org/observations/117025072,"19.6786750997,-156.0214832997",NA,NA,zoology123,Kaloko-Honokohau National Historical Park,KAHO,15192
2022-04-08T18:11:06-10:00,2022-04-06 10:40:16-10:00,Nephrolepis cordifolia,species,Fishbone Fern,https://www.inaturalist.org/observations/110816700,"19.6787866667,-156.0221111667",NA,4,wheltsley,Kaloko-Honokohau National Historical Park,KAHO,15229
2022-04-08T06:03:40-10:00,2022-04-06 10:44:06-10:00,Pteris vittata,species,Ladder brake,https://www.inaturalist.org/observations/110758381,"19.6779166667,-156.0219583333",NA,40,wheltsley,Kaloko-Honokohau National Historical Park,KAHO,15232
2022-03-02T17:21:13-10:00,2020/01/21 3:34 PM HST,Scaevola taccada sericea,subspecies,NA,https://www.inaturalist.org/observations/107803761,"19.6809442799,-156.0316768882",NA,474,mammaquail,Kaloko-Honokohau National Historical Park,KAHO,15269
2021-08-05T14:44:16-10:00,Thu Aug 05 2021 14:13:15 GMT-1000 (HST),Ardisia crenata,species,Coralberry,https://www.inaturalist.org/observations/90095840,"19.6729679621,-156.0257365869",NA,8,sharksteward,Kaloko-Honokohau National Historical Park,KAHO,15417
2021-07-25T10:45:14-10:00,2021-07-25 10:43:50,Momordica charantia charantia,subspecies,NA,https://www.inaturalist.org/observations/88601046,"19.67125093,-156.02433266",NA,3,ronsavage,Kaloko-Honokohau National Historical Park,KAHO,15429
2021-04-11T14:41:35-10:00,Sun Apr 11 2021 14:41:31 GMT -1000 (HST),Ficus lyrata,species,Fiddle-leaf Fig,https://www.inaturalist.org/observations/73694401,"19.6861553192,-156.0327453613",NA,12,suedallman,Kaloko-Honokohau National Historical Park,KAHO,15509
2020-02-21T11:25:45-10:00,Fri Feb 21 2020 10:04:01 GMT-1000 (HST),Scaevola taccada sericea,subspecies,NA,https://www.inaturalist.org/observations/39013835,"19.67161333,-156.02580283",NA,8,itstimetoduel,Kaloko-Honokohau National Historical Park,KAHO,15575
2024-12-12T17:40:42-10:00,Thu Dec 12 2024 14:00:29 GMT-1000 (HST),Ficus benghalensis,species,Indian banyan,https://www.inaturalist.org/observations/254956502,"20.66598,-156.0512083333",NA,4,amandagersoff,Haleakala National Park,HALE,15659
2024-12-02T21:46:48-10:00,2024-12-01 14:58:37-10:00,Cyperus meyenianus,species,Meyen's Flatsedge,https://www.inaturalist.org/observations/253978674,"20.6690533333,-156.0528721667",NA,4,gecko1,Haleakala National Park,HALE,15671
2024-12-02T21:40:42-10:00,2024-12-01 14:18:54-10:00,Diplazium esculentum,species,Vegetable Fern,https://www.inaturalist.org/observations/253978175,"20.6622033333,-156.0449666667",NA,52,gecko1,Haleakala National Park,HALE,15684
2024-10-07T13:26:29-10:00,2024-10-05 08:34:26-10:00,Macroptilium atropurpureum,species,Purple Bush-Bean,https://www.inaturalist.org/observations/246240197,"20.6620216667,-156.0432138333",NA,4,tannerlady,Haleakala National Park,HALE,15811
2024-09-13T12:28:44-10:00,2024-09-11 11:35:36,Ficus benghalensis,species,Indian banyan,https://www.inaturalist.org/observations/241545083,"20.6656896063,-156.0509627312",NA,203,t15507,Haleakala National Park,HALE,15824
2024-09-09T14:05:35-10:00,2024/03/23 4:29 PM,Macroptilium atropurpureum,species,Purple Bush-Bean,https://www.inaturalist.org/observations/240851868,"20.6622588832,-156.0443614226",NA,31,brantacanadensis1,Haleakala National Park,HALE,15826
2024-09-08T18:02:51-10:00,2024/03/23 12:13 PM,Calyptocarpus vialis,species,straggler daisy,https://www.inaturalist.org/observations/240697981,"20.6623450751,-156.0444883767",NA,15,brantacanadensis1,Haleakala National Park,HALE,15856
2024-09-05T17:42:49-10:00,2024-09-04 15:04:30-10:00,Alpinia zerumbet,species,Shell ginger,https://www.inaturalist.org/observations/240080607,"20.6625533333,-156.0412138333",NA,3,chrisinthewild,Haleakala National Park,HALE,15877
2024-09-05T08:02:17-10:00,2024-09-05 07:59:53,Cycas revoluta,species,Sago cycad,https://www.inaturalist.org/observations/240002152,"20.76705042,-156.23637483",NA,4,jugbayjs,Haleakala National Park,HALE,15880
2024-07-29T16:47:16-10:00,2024/07/21 12:23 PM,Heteropogon contortus,species,tanglehead,https://www.inaturalist.org/observations/232625146,"20.6298097086,-156.18299351",NA,298,monte_tudor-long,Haleakala National Park,HALE,15955
2024-07-21T18:31:30-10:00,2024-07-09 13:09:44,Cyperus meyenianus,species,Meyen's Flatsedge,https://www.inaturalist.org/observations/230923450,"20.6763969,-156.0566483",NA,9,mduffy,Haleakala National Park,HALE,15962
2024-07-13T07:59:38-10:00,2021-06-05 10:46:20-10:00,Heliconia rostrata,species,Hanging Lobster Claw Heliconia,https://www.inaturalist.org/observations/229077035,"20.6660423007,-156.0510545068",NA,39,skyethemighty,Haleakala National Park,HALE,15967
2024-05-13T11:00:41-10:00,2024-05-12 15:36:23-10:00,Euphorbia hypericifolia,species,graceful spurge,https://www.inaturalist.org/observations/215577691,"20.6626333333,-156.0441138333",NA,4,maryalicek,Haleakala National Park,HALE,16079
2024-04-10T05:22:36-10:00,2024-04-09 06:28:05,Erigeron sumatrensis,species,tropical horseweed,https://www.inaturalist.org/observations/206432872,"20.7132374,-156.25007864",NA,5,joepaquin,Haleakala National Park,HALE,16182
2024-04-06T17:46:44-10:00,2024-03-30 15:45:43-10:00,Ficus benghalensis,species,Indian banyan,https://www.inaturalist.org/observations/205800998,"20.66225,-156.0437",NA,13,danjohnson1,Haleakala National Park,HALE,16187
2024-03-26T19:00:31-10:00,2024/03/18 3:38 PM,Tectaria incisa,species,incised halberd fern,https://www.inaturalist.org/observations/204109619,"20.6764872519,-156.0566132199",NA,15,steveansell,Haleakala National Park,HALE,16267
2024-03-26T18:56:34-10:00,2024/03/18 3:34 PM,Tectaria incisa,species,incised halberd fern,https://www.inaturalist.org/observations/204109425,"20.6758322329,-156.0569961678",NA,15,steveansell,Haleakala National Park,HALE,16272
2024-03-26T18:53:50-10:00,2024/03/18 3:34 PM,Tectaria incisa,species,incised halberd fern,https://www.inaturalist.org/observations/204109288,"20.6758166667,-156.0569611111",NA,4,steveansell,Haleakala National Park,HALE,16274
2024-03-26T18:23:32-10:00,2024/03/18 2:43 PM,Diplazium esculentum,species,Vegetable Fern,https://www.inaturalist.org/observations/204107341,"20.6631876056,-156.0451725089",NA,15,steveansell,Haleakala National Park,HALE,16294
2024-03-19T21:26:01-10:00,2024/03/18 3:25 PM,Tectaria incisa,species,incised halberd fern,https://www.inaturalist.org/observations/203203815,"20.6735893371,-156.0566238177",NA,25,steveansell,Haleakala National Park,HALE,16313
2024-02-29T15:32:21-10:00,Thu Feb 29 2024 15:32:10 GMT -1000 (GMT-10),Macroptilium atropurpureum,species,Purple Bush-Bean,https://www.inaturalist.org/observations/200867478,"20.6617183685,-156.0444793701",NA,100,hotschatz,Haleakala National Park,HALE,16353
2024-02-03T05:18:30-10:00,2023-12-31 17:14:10-10:00,Ficus benghalensis,species,Indian banyan,https://www.inaturalist.org/observations/198298038,"20.6659783333,-156.0509638333",NA,4,amazanya,Haleakala National Park,HALE,16382
2024-01-29T10:04:27-10:00,2024-01-28 12:21:12-10:00,Ficus benghalensis,species,Indian banyan,https://www.inaturalist.org/observations/197914167,"20.6623216667,-156.0437166667",NA,4,icalli,Haleakala National Park,HALE,16390
2024-01-13T12:07:37-10:00,2023-12-05 15:08:26,Erigeron sumatrensis,species,tropical horseweed,https://www.inaturalist.org/observations/196585171,"20.71514063,-156.15942574",NA,7,asplenimanes,Haleakala National Park,HALE,16525
2024-01-12T10:24:47-10:00,2023/09/28,Erigeron sumatrensis,species,tropical horseweed,https://www.inaturalist.org/observations/196448533,"20.734583,-156.195953",NA,NA,pacn_plants,Haleakala National Park,HALE,16540
2024-01-12T09:35:14-10:00,2023/09/27,Erigeron sumatrensis,species,tropical horseweed,https://www.inaturalist.org/observations/196445580,"20.741603,-156.194133",NA,NA,pacn_plants,Haleakala National Park,HALE,16548
2024-01-11T14:20:03-10:00,2023/09/18,Rytidosperma semiannulare,species,Tasmanian wallaby grass,https://www.inaturalist.org/observations/196388601,"20.760611,-156.245463",NA,NA,pacn_plants,Haleakala National Park,HALE,16559
2024-01-02T22:36:03-10:00,2023-12-28 12:02:23-10:00,Ficus benghalensis,species,Indian banyan,https://www.inaturalist.org/observations/195646259,"20.6658533333,-156.051025",NA,4,rachmunger,Haleakala National Park,HALE,16619
2024-01-01T18:08:22-10:00,2017/11/21 15:41,Ficus benghalensis,species,Indian banyan,https://www.inaturalist.org/observations/195539524,"20.66578,-156.0510116667",NA,10,martine_lapointe,Haleakala National Park,HALE,16622
2024-01-01T18:08:22-10:00,2017/11/21 14:57,Ficus benghalensis,species,Indian banyan,https://www.inaturalist.org/observations/195539523,"20.6622666667,-156.0437783333",NA,10,martine_lapointe,Haleakala National Park,HALE,16623
2023-12-14T07:31:40-10:00,2023-12-05 12:54:15-10:00,Erigeron sumatrensis,species,tropical horseweed,https://www.inaturalist.org/observations/193958773,"20.7115982259,-156.16123942",NA,4,sbierker,Haleakala National Park,HALE,16744
2023-12-08T21:59:40-10:00,2023/12/08 3:38 PM,Musa acuminata,species,Cavendish banana,https://www.inaturalist.org/observations/193466825,"20.6625893998,-156.0450449528",NA,31,sturuss,Haleakala National Park,HALE,16792
2023-12-08T21:59:38-10:00,2023/12/08 3:32 PM,Pinanga coronata,species,Ivory Cane Palm,https://www.inaturalist.org/observations/193466820,"20.6639546568,-156.0464826169",NA,31,sturuss,Haleakala National Park,HALE,16797
2023-12-08T21:59:32-10:00,2023/12/08 2:57 PM,Oplismenus compositus,species,Awned Panick Grass,https://www.inaturalist.org/observations/193466803,"20.6655461507,-156.0511027992",NA,31,sturuss,Haleakala National Park,HALE,16809
2023-10-29T21:58:45-10:00,2023-10-28 15:34:12-10:00,Ficus benghalensis,species,Indian banyan,https://www.inaturalist.org/observations/189449900,"20.6623466667,-156.0437916667",NA,3,vivekmaskara,Haleakala National Park,HALE,17019
2023-10-18T13:18:13-10:00,2023/07/27 1:15 PM,Rytidosperma semiannulare,species,Tasmanian wallaby grass,https://www.inaturalist.org/observations/188081529,"20.75629403,-156.2395309",NA,NA,pacn_plants,Haleakala National Park,HALE,17039
2023-10-16T07:07:59-10:00,2023-10-15 07:19:19-10:00,Agrostis capillaris,species,colonial bent,https://www.inaturalist.org/observations/187798053,"20.7524427166,-156.2286967134",NA,6,sbierker,Haleakala National Park,HALE,17047
2023-10-07T19:36:36-10:00,2023/09/22 11:52 AM,Cerastium glomeratum,species,Sticky mouse-ear chickweed,https://www.inaturalist.org/observations/186654699,"20.736972,-156.2339699722",NA,NA,kevinfaccenda,Haleakala National Park,HALE,17099
2023-10-07T19:36:35-10:00,2023/09/22 11:12 AM,Ehrharta erecta,species,panic veldtgrass,https://www.inaturalist.org/observations/186654695,"20.7148147719,-156.2503413751",NA,57,kevinfaccenda,Haleakala National Park,HALE,17103
2023-10-07T19:36:31-10:00,2023/09/22 10:12 AM,Matricaria discoidea,species,pineapple-weed,https://www.inaturalist.org/observations/186654680,"20.7101162476,-156.2529295355",NA,43,kevinfaccenda,Haleakala National Park,HALE,17115
2023-10-07T19:36:30-10:00,2023/09/22 10:00 AM,Cyclospermum leptophyllum,species,Marsh parsley,https://www.inaturalist.org/observations/186654676,"20.7101162476,-156.2529295355",NA,43,kevinfaccenda,Haleakala National Park,HALE,17118
2023-10-07T19:36:29-10:00,2023/09/22 9:46 AM,Arabidopsis thaliana,species,mouse-ear cress,https://www.inaturalist.org/observations/186654673,"20.7101162476,-156.2529295355",NA,43,kevinfaccenda,Haleakala National Park,HALE,17121
2023-10-07T19:28:38-10:00,2023/09/21 10:21 AM,Agrostis capillaris,species,colonial bent,https://www.inaturalist.org/observations/186654265,"20.7674691667,-156.2416375",NA,NA,kevinfaccenda,Haleakala National Park,HALE,17126
2023-10-01T05:36:45-10:00,2023/09/25 3:08 PM,Erigeron sumatrensis,species,tropical horseweed,https://www.inaturalist.org/observations/185747739,"20.7403582279,-156.2163892763",NA,15,knightericm,Haleakala National Park,HALE,17240
2023-09-28T23:03:45-10:00,2023/09/19 4:48 PM,Cenchrus echinatus,species,Southern Sandbur,https://www.inaturalist.org/observations/185392499,"20.6619097222,-156.0452633333",NA,NA,kevinfaccenda,Haleakala National Park,HALE,17294
2023-09-28T23:03:44-10:00,2023/09/19 4:46 PM,Dichanthium annulatum annulatum,variety,NA,https://www.inaturalist.org/observations/185392498,"20.6619861111,-156.0452119444",NA,NA,kevinfaccenda,Haleakala National Park,HALE,17295
2023-09-28T23:03:44-10:00,2023/09/19 4:34 PM,Cyperus compressus,species,Poorland Flatsedge,https://www.inaturalist.org/observations/185392497,"20.6616177778,-156.0461794444",NA,NA,kevinfaccenda,Haleakala National Park,HALE,17296
2023-09-28T23:03:43-10:00,2023/09/19 4:20 PM,Cleome rutidosperma,species,Purple Cleome,https://www.inaturalist.org/observations/185392493,"20.6612941667,-156.0464061111",NA,NA,kevinfaccenda,Haleakala National Park,HALE,17300
2023-09-28T23:03:42-10:00,2023/09/19 4:19 PM,Chloris radiata,species,radiate fingergrass,https://www.inaturalist.org/observations/185392492,"20.6612922222,-156.0464080556",NA,NA,kevinfaccenda,Haleakala National Park,HALE,17301
2023-09-28T23:03:42-10:00,2023/09/19 4:07 PM,Cyperus difformis,species,Variable Flatsedge,https://www.inaturalist.org/observations/185392491,"20.6612305556,-156.0464219444",NA,NA,kevinfaccenda,Haleakala National Park,HALE,17302
2023-09-28T23:03:41-10:00,2023/09/19 4:05 PM,Desmodium tortuosum,species,Florida beggarweed,https://www.inaturalist.org/observations/185392489,"20.6608938889,-156.0465377778",NA,NA,kevinfaccenda,Haleakala National Park,HALE,17304
2023-09-28T23:03:41-10:00,2023/09/19 3:56 PM,Digitaria radicosa,species,trailing crabgrass,https://www.inaturalist.org/observations/185392486,"20.6598491667,-156.0472372222",NA,NA,kevinfaccenda,Haleakala National Park,HALE,17306
2023-09-28T23:03:41-10:00,2023/09/19 3:09 PM,Ischaemum aristatum,species,Toco grass,https://www.inaturalist.org/observations/185392485,"20.6748005556,-156.0517825",NA,NA,kevinfaccenda,Haleakala National Park,HALE,17307
2023-09-28T23:03:40-10:00,2023/09/19 2:45 PM,Pterolepis glomerata,species,false meadowbeauty,https://www.inaturalist.org/observations/185392482,"20.6795452778,-156.0533319444",NA,NA,kevinfaccenda,Haleakala National Park,HALE,17309
2023-09-28T23:03:36-10:00,2023/09/19 2:22 PM,Sporobolus fertilis,species,Bloomsbury Grass,https://www.inaturalist.org/observations/185392462,"20.6791433333,-156.0525552778",NA,NA,kevinfaccenda,Haleakala National Park,HALE,17323
2023-09-24T23:10:43-10:00,2023/09/19 1:41 PM,Ischaemum aristatum,species,Toco grass,https://www.inaturalist.org/observations/184840394,"20.6754102778,-156.0510252778",NA,NA,kevinfaccenda,Haleakala National Park,HALE,17335
2023-09-24T23:10:40-10:00,2023/09/19 1:04 PM,Cestrum nocturnum,species,night jessamine,https://www.inaturalist.org/observations/184840380,"20.6685033333,-156.0447669444",NA,NA,kevinfaccenda,Haleakala National Park,HALE,17343
2023-09-24T23:06:05-10:00,2023/09/19 11:51 AM,Artabotrys hexapetalus,species,Sixpetal Tailgrape,https://www.inaturalist.org/observations/184840159,"20.6626819444,-156.0495991667",NA,NA,kevinfaccenda,Haleakala National Park,HALE,17347
2023-09-24T23:06:05-10:00,2023/09/19 11:42 AM,Eragrostis tenuifolia,species,Elastic Grass,https://www.inaturalist.org/observations/184840158,"20.6617633333,-156.0502166667",NA,NA,kevinfaccenda,Haleakala National Park,HALE,17348
2023-09-24T23:06:03-10:00,2023/09/19 11:33 AM,Euphorbia thymifolia,species,Red Caustic-creeper,https://www.inaturalist.org/observations/184840154,"20.6619644444,-156.0508897222",NA,NA,kevinfaccenda,Haleakala National Park,HALE,17352
2023-09-24T23:06:02-10:00,2023/09/19 11:27 AM,Erigeron sumatrensis,species,tropical horseweed,https://www.inaturalist.org/observations/184840147,"20.6626977778,-156.0517713889",NA,NA,kevinfaccenda,Haleakala National Park,HALE,17358
2023-09-24T23:06:01-10:00,2023/09/19 11:12 AM,Artabotrys hexapetalus,species,Sixpetal Tailgrape,https://www.inaturalist.org/observations/184840144,"20.6638816667,-156.0526805556",NA,NA,kevinfaccenda,Haleakala National Park,HALE,17361
2023-09-24T23:01:19-10:00,2023/09/19 11:05 AM,Paspalum notatum,species,Bahia grass,https://www.inaturalist.org/observations/184839753,"20.6641338889,-156.0536991667",NA,NA,kevinfaccenda,Haleakala National Park,HALE,17364
2023-09-24T23:01:18-10:00,2023/09/19 10:36 AM,Digitaria henryi,species,Henry's crabgrass,https://www.inaturalist.org/observations/184839748,"20.6677558333,-156.0564336111",NA,NA,kevinfaccenda,Haleakala National Park,HALE,17369
2023-09-24T23:01:18-10:00,2023/09/19 10:27 AM,Artabotrys hexapetalus,species,Sixpetal Tailgrape,https://www.inaturalist.org/observations/184839747,"20.6684344444,-156.0574494444",NA,NA,kevinfaccenda,Haleakala National Park,HALE,17370
2023-09-24T23:01:17-10:00,2023/09/19 10:17 AM,Ophioderma falcatum,species,NA,https://www.inaturalist.org/observations/184839744,"20.6683958333,-156.0594905556",NA,NA,kevinfaccenda,Haleakala National Park,HALE,17372
2023-09-24T23:01:16-10:00,2023/09/19 10:14 AM,Cyperus meyenianus,species,Meyen's Flatsedge,https://www.inaturalist.org/observations/184839742,"20.6679727778,-156.0597061111",NA,NA,kevinfaccenda,Haleakala National Park,HALE,17374
2023-09-24T23:01:15-10:00,2023/09/19 10:02 AM,Sporobolus fertilis,species,Bloomsbury Grass,https://www.inaturalist.org/observations/184839741,"20.6705563889,-156.0622019444",NA,NA,kevinfaccenda,Haleakala National Park,HALE,17375
2023-09-24T22:57:19-10:00,2023/09/19 9:26 AM,Hypericum mutilum,species,Dwarf St. John's Wort,https://www.inaturalist.org/observations/184839475,"20.6713483333,-156.0627122222",NA,NA,kevinfaccenda,Haleakala National Park,HALE,17380
2023-09-24T22:57:19-10:00,2023/09/19 9:27 AM,Eleocharis geniculata,species,Canada Spikesedge,https://www.inaturalist.org/observations/184839474,"20.6713644444,-156.0627194444",NA,NA,kevinfaccenda,Haleakala National Park,HALE,17381
2023-09-24T22:57:18-10:00,2023/09/19 9:08 AM,Paspalum notatum,species,Bahia grass,https://www.inaturalist.org/observations/184839470,"20.6697180556,-156.0616841667",NA,NA,kevinfaccenda,Haleakala National Park,HALE,17385
2023-09-24T22:57:15-10:00,2023/09/19 8:50 AM,Sporobolus fertilis,species,Bloomsbury Grass,https://www.inaturalist.org/observations/184839461,"20.6705158333,-156.0611386111",NA,NA,kevinfaccenda,Haleakala National Park,HALE,17391
2023-09-24T22:52:58-10:00,2023/09/18 6:24 PM,Eragrostis curvula,species,African love grass,https://www.inaturalist.org/observations/184839234,"20.7637610203,-156.2430880878",NA,145,kevinfaccenda,Haleakala National Park,HALE,17398
2023-09-24T22:52:58-10:00,2023/09/18 6:00 PM,Euphorbia prostrata,species,prostrate sandmat,https://www.inaturalist.org/observations/184839232,"20.7593060109,-156.2464918848",NA,22,kevinfaccenda,Haleakala National Park,HALE,17400
2023-09-24T22:52:56-10:00,2023/09/18 5:04 PM,Lepidium africanum,species,African Pepperwort,https://www.inaturalist.org/observations/184839227,"20.7599599206,-156.2469604229",NA,20,kevinfaccenda,Haleakala National Park,HALE,17403
2023-09-24T22:52:56-10:00,2023/09/18 4:49 PM,Agrostis capillaris,species,colonial bent,https://www.inaturalist.org/observations/184839225,"20.7598235483,-156.2462893741",NA,15,kevinfaccenda,Haleakala National Park,HALE,17405
2023-09-24T22:47:09-10:00,2023/09/18 11:07 AM,Rytidosperma racemosum racemosum,variety,NA,https://www.inaturalist.org/observations/184838893,"20.7625173522,-156.2421087787",NA,108,kevinfaccenda,Haleakala National Park,HALE,17421
2023-09-24T22:47:08-10:00,2023/09/18 10:04 AM,Agrostis capillaris,species,colonial bent,https://www.inaturalist.org/observations/184838892,"20.7660876956,-156.2410780983",NA,100,kevinfaccenda,Haleakala National Park,HALE,17422
2023-09-24T22:40:42-10:00,2023-09-24 13:02:44,Ficus benghalensis,species,Indian banyan,https://www.inaturalist.org/observations/184838353,"20.66559,-156.050924",NA,NA,infra0815,Haleakala National Park,HALE,17424
2023-09-24T19:38:23-10:00,2023-09-24 13:08:57,Ficus benghalensis,species,Indian banyan,https://www.inaturalist.org/observations/184826277,"20.6655555556,-156.0502777778",NA,NA,pepeyoda,Haleakala National Park,HALE,17431
2023-07-07T20:52:39-10:00,2023-07-07 13:44:03-10:00,Ficus benghalensis,species,Indian banyan,https://www.inaturalist.org/observations/171695622,"20.66225,-156.0437471667",NA,4,stephaniesnyder,Haleakala National Park,HALE,17541
2023-06-22T16:02:57-10:00,2023-06-20 15:01:14-10:00,Heliconia farinosa,species,NA,https://www.inaturalist.org/observations/168930585,"20.6642596223,-156.0430429209",NA,23,jmtropics,Haleakala National Park,HALE,17594
2023-05-06T18:02:29-10:00,2023-04-02 15:46:57,Microlepia setosa setosa,variety,palapalai,https://www.inaturalist.org/observations/160236013,"20.7008328183,-156.0902778804",NA,2029,edmillard,Haleakala National Park,HALE,17711
2023-04-23T16:19:53-10:00,2023-04-11 11:39:15,Artabotrys hexapetalus,species,Sixpetal Tailgrape,https://www.inaturalist.org/observations/156356042,"20.6633503053,-156.0452606902",NA,156,andydella,Haleakala National Park,HALE,17731
2023-04-19T13:09:21-10:00,2023-04-11 18:17:35-10:00,Korthalsella remyana,species,NA,https://www.inaturalist.org/observations/155675138,"20.7103916667,-156.0884555",NA,32,askrenm,Haleakala National Park,HALE,17737
2023-04-18T14:23:45-10:00,2022-02-11 13:30:14-10:00,Ficus benghalensis,species,Indian banyan,https://www.inaturalist.org/observations/155546158,"20.6657916667,-156.051025",NA,47,loveyounevermore,Haleakala National Park,HALE,17739
2023-03-28T12:32:52-10:00,2023/03/18 9:40 AM,Macroptilium atropurpureum,species,Purple Bush-Bean,https://www.inaturalist.org/observations/152669746,"20.6622147222,-156.0444797222",NA,NA,madisonba13,Haleakala National Park,HALE,17829
2023-03-28T12:32:52-10:00,2023/03/18 9:40 AM,Macroptilium atropurpureum,species,Purple Bush-Bean,https://www.inaturalist.org/observations/152669745,"20.66230408,-156.044390708",NA,4,madisonba13,Haleakala National Park,HALE,17830
2023-03-21T19:19:55-10:00,2023-03-17 09:39:29-10:00,Eucalyptus deglupta,species,Rainbow Gum,https://www.inaturalist.org/observations/151901514,"20.7312509477,-156.2018875031",NA,1776,greyfox15008,Haleakala National Park,HALE,17903
2023-03-11T19:58:27-10:00,2023-03-10 17:17:52-10:00,Passiflora edulis flavicarpa,form,Yellow passionfruit,https://www.inaturalist.org/observations/150897812,"20.6626152015,-156.0416605791",NA,5,matt_lachiusa,Haleakala National Park,HALE,17960
2023-02-24T05:50:49-10:00,2022-12-01 13:36:12-10:00,Chloris barbata,species,Finger Grass,https://www.inaturalist.org/observations/149562109,"20.649345,-156.0815721667",NA,4,yosem_gonzalez,Haleakala National Park,HALE,18019
2023-02-14T18:19:03-10:00,2023-02-13 15:19:39-10:00,Tectaria incisa,species,incised halberd fern,https://www.inaturalist.org/observations/148806375,"20.6719997898,-156.056216173",NA,3,gabroshang,Haleakala National Park,HALE,18044
2023-01-17T22:14:13-10:00,2023-01-17 14:05:16-10:00,Ficus benghalensis,species,Indian banyan,https://www.inaturalist.org/observations/146813409,"20.6689892,-156.0527992",NA,30,katie2014,Haleakala National Park,HALE,18105
2024-12-28T17:22:44-10:00,2024-12-28 11:46:59,Spermacoce prostrata,species,Prostrate False Buttonweed,https://www.inaturalist.org/observations/256580726,"19.3990607986,-155.2534990758",NA,8,oliver_yung,Hawaii Volcanoes National Park,HAVO,18305
2024-12-19T21:41:14-10:00,2024-12-19 14:19:04-10:00,Boerhavia diffusa,species,Wineflower,https://www.inaturalist.org/observations/255657497,"19.3273888282,-155.1976811895",NA,2362,qmulder,Hawaii Volcanoes National Park,HAVO,18524
2024-12-19T21:30:16-10:00,2024-12-19 10:11:33-10:00,Turnera ulmifolia,species,Yellow alder,https://www.inaturalist.org/observations/255656933,"19.073679594,-155.7408428829",NA,1333,qmulder,Hawaii Volcanoes National Park,HAVO,18583
2024-11-29T09:42:20-10:00,2024-11-28 17:31:30,Wikstroemia oahuensis,species,ʻĀkia,https://www.inaturalist.org/observations/253540317,"19.2959184653,-155.0957268476",NA,8,kaieentae,Hawaii Volcanoes National Park,HAVO,18742
2024-11-20T17:13:34-10:00,2024-11-20 15:13:43-10:00,Plantago asiatica,species,Asian plantain,https://www.inaturalist.org/observations/252459050,"19.4210116667,-155.246125",NA,1414,edelaquess,Hawaii Volcanoes National Park,HAVO,18767
2024-11-20T16:27:34-10:00,2024-11-20 13:25:13-10:00,Hedychium coccineum,species,Orange ginger lily,https://www.inaturalist.org/observations/252455627,"19.4158666667,-155.2555083333",NA,7,edelaquess,Hawaii Volcanoes National Park,HAVO,18812
2024-11-20T15:55:24-10:00,2024-11-20 15:14:04,Plantago asiatica,species,Asian plantain,https://www.inaturalist.org/observations/252453113,"19.4136066476,-155.2383654048",NA,7,elk652,Hawaii Volcanoes National Park,HAVO,18870
2024-11-08T15:38:40-10:00,2024-11-08 15:38:23-10:00,Psychotria mariniana,species,Kōpiko,https://www.inaturalist.org/observations/250974766,"19.4413073972,-155.3008600908",NA,3,leona4546,Hawaii Volcanoes National Park,HAVO,19042
2024-11-03T23:56:47-10:00,2024/05/28 8:39 AM,Plantago asiatica,species,Asian plantain,https://www.inaturalist.org/observations/250419849,"19.4147085115,-155.237326724",NA,60,pl_stenger,Hawaii Volcanoes National Park,HAVO,19206
2024-11-02T16:42:25-10:00,2024-10-19 12:03:46,Begonia hirtella,species,bearded begonia,https://www.inaturalist.org/observations/250234119,"19.417321,-155.2432939722",NA,NA,ardy3,Hawaii Volcanoes National Park,HAVO,19303
2024-11-02T16:32:08-10:00,2024-10-19 12:02:54,Plantago asiatica,species,Asian plantain,https://www.inaturalist.org/observations/250233200,"19.4173179979,-155.2433090284",NA,5,ardy3,Hawaii Volcanoes National Park,HAVO,19304
2024-10-20T09:03:37-10:00,2024-10-20 09:02:23-10:00,Pleroma semidecandrum,species,glory bush,https://www.inaturalist.org/observations/248322512,"19.4308839025,-155.2596555018",NA,4,tanichols2,Hawaii Volcanoes National Park,HAVO,19512
2024-10-17T07:43:57-10:00,2024-10-16 11:59:35-10:00,Spermacoce prostrata,species,Prostrate False Buttonweed,https://www.inaturalist.org/observations/247793674,"19.4307216667,-155.2643583333",NA,4,emily_jeanne,Hawaii Volcanoes National Park,HAVO,19535
2024-10-10T12:45:24-10:00,2024/07/30 5:02 PM,Sporobolus elongatus,species,slender rat's tail grass,https://www.inaturalist.org/observations/246693622,"19.3648666667,-155.2093683333",NA,NA,silversea_starsong,Hawaii Volcanoes National Park,HAVO,19581
2024-10-10T11:04:37-10:00,2024/08/01 6:13 PM,Wikstroemia uva-ursi,species,ʻĀkia,https://www.inaturalist.org/observations/246681778,"19.4236167252,-155.2848232218",NA,NA,silversea_starsong,Hawaii Volcanoes National Park,HAVO,19588
2024-10-01T19:49:59-10:00,2024/10/01 12:27 PM,Passiflora pallida,species,corkystem passionvine,https://www.inaturalist.org/observations/245190771,"19.06655,-155.7102055556",NA,4,elisa_vonbehren,Hawaii Volcanoes National Park,HAVO,19732
2024-09-14T06:08:07-10:00,2024-09-13 15:58:20,Microlepia setosa setosa,variety,palapalai,https://www.inaturalist.org/observations/241668503,"19.4429431,-155.3032642997",NA,NA,birdsflowersying,Hawaii Volcanoes National Park,HAVO,19884
2024-09-14T05:41:33-10:00,2024-09-13 15:34:40,Microlepia setosa setosa,variety,palapalai,https://www.inaturalist.org/observations/241662516,"19.4404065,-155.3049273",NA,NA,birdsflowersying,Hawaii Volcanoes National Park,HAVO,19893
2024-09-13T14:48:46-10:00,2024-09-13 14:28:15,Spermacoce prostrata,species,Prostrate False Buttonweed,https://www.inaturalist.org/observations/241563920,"19.4307134997,-155.2638541997",NA,NA,birdsflowersying,Hawaii Volcanoes National Park,HAVO,19933
2024-08-29T10:04:10-10:00,2024/08/26 12:39 PM,Plantago asiatica,species,Asian plantain,https://www.inaturalist.org/observations/238654153,"19.4151944635,-155.2421678031",NA,1406,janr,Hawaii Volcanoes National Park,HAVO,20062
2024-08-27T23:32:11-10:00,2024/08/27 4:31 PM,Plantago asiatica,species,Asian plantain,https://www.inaturalist.org/observations/238386714,"19.4420998577,-155.301418208",NA,167,lesfreck,Hawaii Volcanoes National Park,HAVO,20200
2024-08-27T09:30:10-10:00,Tue Aug 27 2024 09:30:03 GMT -1000 (HST),Eriocapitella hupehensis,species,Hubei Anemone,https://www.inaturalist.org/observations/238296380,"19.4130039215,-155.2407226563",NA,52,allthefeels,Hawaii Volcanoes National Park,HAVO,20260
2024-08-18T18:16:18-10:00,2024-08-18 09:45:45,Plantago asiatica,species,Asian plantain,https://www.inaturalist.org/observations/236660968,"19.41729527,-155.2433785",NA,8,toryanse,Hawaii Volcanoes National Park,HAVO,20305
2024-08-05T14:35:24-10:00,2024-08-05 11:16:20-10:00,Anthurium andraeanum,species,painter's-palette,https://www.inaturalist.org/observations/234055163,"19.4206331376,-155.2574602044",NA,1624,clarahsg,Hawaii Volcanoes National Park,HAVO,20417
2024-08-05T11:18:05-10:00,2024-08-05 09:55:40-10:00,Plantago asiatica,species,Asian plantain,https://www.inaturalist.org/observations/234022844,"19.4280366667,-155.259475",NA,3126,clarahsg,Hawaii Volcanoes National Park,HAVO,20420
2024-08-03T10:20:49-10:00,2024-07-31 17:35:55-10:00,Plantago asiatica,species,Asian plantain,https://www.inaturalist.org/observations/233563782,"19.4286633333,-155.25992",NA,4,gingaaninjaa,Hawaii Volcanoes National Park,HAVO,20431
2024-07-02T14:42:37-10:00,2024/06/22 3:34 PM,Plantago asiatica,species,Asian plantain,https://www.inaturalist.org/observations/226798640,"19.4166166667,-155.2430277778",NA,4,ajamico,Hawaii Volcanoes National Park,HAVO,20849
2024-06-28T15:09:29-10:00,2024-06-20 07:46:40-10:00,Evolvulus glomeratus,species,Blue daze,https://www.inaturalist.org/observations/225831963,"19.4401883333,-155.3050083333",NA,12,josephcarroll,Hawaii Volcanoes National Park,HAVO,20912
2024-06-26T20:28:21-10:00,2024-06-26 08:22:45-10:00,Microlepia setosa setosa,variety,palapalai,https://www.inaturalist.org/observations/225459178,"19.45705,-155.2455883333",NA,3,gingaaninjaa,Hawaii Volcanoes National Park,HAVO,20916
2024-06-09T11:58:14-10:00,2024-06-07 18:54:38-10:00,Hibiscus × rosa-sinensis,hybrid,Tricolor Hibiscus,https://www.inaturalist.org/observations/221681813,"19.4304531396,-155.2657291108",NA,3,jenna2012,Hawaii Volcanoes National Park,HAVO,21147
2024-06-09T11:55:50-10:00,2024-06-07 17:18:51-10:00,Ixora,genus,ixoras,https://www.inaturalist.org/observations/221681333,"19.431182682,-155.2654244298",NA,4,jenna2012,Hawaii Volcanoes National Park,HAVO,21148
2024-06-09T11:54:30-10:00,2024-06-08 16:26:44-10:00,Hibiscus × archeri,hybrid,Red Hibiscus,https://www.inaturalist.org/observations/221681051,"19.4311733184,-155.2652988455",NA,357,jenna2012,Hawaii Volcanoes National Park,HAVO,21149
2024-06-09T11:53:16-10:00,2024-06-07 18:55:30-10:00,Adenium,genus,NA,https://www.inaturalist.org/observations/221680833,"19.4315136769,-155.2653200506",NA,3,jenna2012,Hawaii Volcanoes National Park,HAVO,21150
2024-05-24T23:02:52-10:00,2024/05/21 11:45 AM,Lindernia rotundifolia,species,Roundleaf Lindernia,https://www.inaturalist.org/observations/218066428,"19.4249869893,-155.2557956307",NA,61,drclements,Hawaii Volcanoes National Park,HAVO,21438
2024-05-23T21:07:10-10:00,2024-05-23 10:17:23-10:00,Pontederia crassipes,species,common water hyacinth,https://www.inaturalist.org/observations/217845187,"19.414845,-155.3162533333",NA,5629,adina35,Hawaii Volcanoes National Park,HAVO,21512
2024-05-23T16:56:27-10:00,2024-05-23 15:40:45-10:00,Cyperus sesquiflorus,species,Fragrant Spikesedge,https://www.inaturalist.org/observations/217821270,"19.4299783333,-155.2678966667",NA,4,siwanicki,Hawaii Volcanoes National Park,HAVO,21525
2024-05-22T00:29:32-10:00,2024-05-21 15:53:41,Plantago asiatica,species,Asian plantain,https://www.inaturalist.org/observations/217460008,"19.4132861944,-155.2398071111",NA,NA,lornieclaire,Hawaii Volcanoes National Park,HAVO,21596
2024-05-13T14:30:01-10:00,Mon May 13 2024 14:29:52 GMT -1000 (HST),Melaleuca citrina,species,crimson bottlebrush,https://www.inaturalist.org/observations/215613227,"19.4196472168,-155.2889404297",NA,287,brethammer,Hawaii Volcanoes National Park,HAVO,21762
2024-04-17T21:42:46-10:00,2024/04/17 10:56 AM,Cyperus sesquiflorus,species,Fragrant Spikesedge,https://www.inaturalist.org/observations/207889956,"19.4114228457,-155.249943744",NA,47,ameeds,Hawaii Volcanoes National Park,HAVO,21868
2024-04-16T14:55:36-10:00,2024-04-14 09:09:05-10:00,Spermacoce prostrata,species,Prostrate False Buttonweed,https://www.inaturalist.org/observations/207683560,"19.3991083333,-155.2534633333",NA,7,guiming,Hawaii Volcanoes National Park,HAVO,21902
2024-04-11T09:33:02-10:00,2024-02-12 12:31:24,Gardenia,genus,gardenias,https://www.inaturalist.org/observations/206664417,"19.39527961,-155.34160266",NA,9,h97402,Hawaii Volcanoes National Park,HAVO,21950
2024-03-22T15:06:14-10:00,2024-03-22 14:36:27,Wikstroemia uva-ursi,species,ʻĀkia,https://www.inaturalist.org/observations/203537670,"19.4198583333,-155.2887611111",NA,NA,ajrominger,Hawaii Volcanoes National Park,HAVO,22020
2024-03-15T13:53:14-10:00,2024-02-08 12:43:15-10:00,Anthurium andraeanum,species,painter's-palette,https://www.inaturalist.org/observations/202591194,"19.4285116667,-155.258545",NA,24,booksmuggler,Hawaii Volcanoes National Park,HAVO,22085
2024-03-10T21:01:26-10:00,2024/03/10 10:02 AM,Microlepia setosa setosa,variety,palapalai,https://www.inaturalist.org/observations/202025862,"19.4420805556,-155.3014527778",NA,5,duncanwt,Hawaii Volcanoes National Park,HAVO,22145
2024-03-05T17:19:03-10:00,2024/02/22 11:59 AM,Spermacoce prostrata,species,Prostrate False Buttonweed,https://www.inaturalist.org/observations/201437217,"19.4308806023,-155.2671680092",NA,4,lma82,Hawaii Volcanoes National Park,HAVO,22297
2024-03-05T16:33:05-10:00,2024-03-05 11:40:58-10:00,Anthurium andraeanum,species,painter's-palette,https://www.inaturalist.org/observations/201433470,"19.4914338961,-155.4645543866",NA,2116,corbingay,Hawaii Volcanoes National Park,HAVO,22327
2024-03-05T16:18:06-10:00,2024-03-04 14:08:08-10:00,Costus woodsonii,species,Red Button Ginger,https://www.inaturalist.org/observations/201432232,"19.4347655824,-155.274207541",NA,35,alexandra91823,Hawaii Volcanoes National Park,HAVO,22331
2024-02-03T06:17:12-10:00,2024-01-05 16:58:38,Plantago asiatica,species,Asian plantain,https://www.inaturalist.org/observations/198302190,"19.4234426,-155.2585366",NA,NA,yerbasanta,Hawaii Volcanoes National Park,HAVO,22777
2024-01-17T19:11:40-10:00,2024-01-04 14:28:14,Plantago asiatica,species,Asian plantain,https://www.inaturalist.org/observations/196968720,"19.4288963997,-155.2590103997",NA,NA,yerbasanta,Hawaii Volcanoes National Park,HAVO,23069
2024-01-05T09:56:32-10:00,2024-01-03 16:21:27-10:00,Plantago asiatica,species,Asian plantain,https://www.inaturalist.org/observations/195860479,"19.414545,-155.2370916667",NA,1074,jeffhill,Hawaii Volcanoes National Park,HAVO,23289
2024-01-04T21:39:36-10:00,2024-01-04 12:49:00-10:00,Plantago asiatica,species,Asian plantain,https://www.inaturalist.org/observations/195819166,"19.413375,-155.2401416667",NA,4,laiet17,Hawaii Volcanoes National Park,HAVO,23329
2023-12-28T14:19:01-10:00,2023-12-28 12:32:56-10:00,Microlepia setosa setosa,variety,palapalai,https://www.inaturalist.org/observations/195122811,"19.4429783333,-155.3020333333",NA,4,blainespellman,Hawaii Volcanoes National Park,HAVO,23417
2023-12-19T21:41:57-10:00,2023-12-02 09:53:53-10:00,Microlepia setosa setosa,variety,palapalai,https://www.inaturalist.org/observations/194413942,"19.4428616667,-155.3033133333",NA,10,aburke,Hawaii Volcanoes National Park,HAVO,23520
2023-11-29T04:55:07-10:00,2023-11-23 12:48:32-10:00,Microlepia setosa setosa,variety,palapalai,https://www.inaturalist.org/observations/192552820,"19.438775,-155.303405",NA,67,amayliapy,Hawaii Volcanoes National Park,HAVO,23774
2023-11-12T01:00:44-10:00,2023-11-10 13:36:07-10:00,Passiflora edulis edulis,form,Purple passion fruit,https://www.inaturalist.org/observations/190778634,"19.2956715828,-155.3067961408",NA,23,biosfera_antropoceno,Hawaii Volcanoes National Park,HAVO,23880
2023-11-06T09:16:08-10:00,2022/09/20 3:07 PM,Gamochaeta pensylvanica,species,Pennsylvania Cudweed,https://www.inaturalist.org/observations/190233412,"19.4313934116,-155.27015359",NA,676,marleyi,Hawaii Volcanoes National Park,HAVO,23937
2023-11-06T09:16:08-10:00,2022/09/20 1:45 PM,Cyperus sanguinolentus,species,purpleglume flatsedge,https://www.inaturalist.org/observations/190233411,"19.4303063768,-155.2680084933",NA,896,marleyi,Hawaii Volcanoes National Park,HAVO,23938
2023-11-03T11:24:09-10:00,2022/09/20 6:02 PM,Microlepia setosa setosa,variety,palapalai,https://www.inaturalist.org/observations/189891771,"19.4405699267,-155.3029639735",NA,308,marleyi,Hawaii Volcanoes National Park,HAVO,23975
2023-10-30T20:06:23-10:00,2022/09/20 5:39 PM,Microlepia setosa setosa,variety,palapalai,https://www.inaturalist.org/observations/189542192,"19.4407142175,-155.3028354623",NA,322,marleyi,Hawaii Volcanoes National Park,HAVO,23987
2023-10-30T20:06:20-10:00,2022/09/20 5:24 PM,Gamochaeta pensylvanica,species,Pennsylvania Cudweed,https://www.inaturalist.org/observations/189542186,"19.4336786066,-155.2977238493",NA,1145,marleyi,Hawaii Volcanoes National Park,HAVO,23991
2023-10-30T16:29:28-10:00,2023-10-27 10:24:09-10:00,Zephyranthes carinata,species,Rose Pink Zephyr Lily,https://www.inaturalist.org/observations/189531587,"19.3356533333,-155.222",NA,3,katelynn99,Hawaii Volcanoes National Park,HAVO,24008
2023-10-29T20:20:55-10:00,2023-10-29 13:03:03-10:00,Microlepia setosa setosa,variety,palapalai,https://www.inaturalist.org/observations/189445729,"19.4385833333,-155.302795",NA,4,projectseawolf_sv,Hawaii Volcanoes National Park,HAVO,24048
2023-10-29T20:08:54-10:00,2023-10-29 14:23:16-10:00,Heterotis rotundifolia,species,Spanish Shawl,https://www.inaturalist.org/observations/189445038,"19.4397616667,-155.304475",NA,5,projectseawolf_sv,Hawaii Volcanoes National Park,HAVO,24064
2023-10-28T17:52:57-10:00,2023-10-28 12:20:29-10:00,Phyllostachys aurea,species,fishpole bamboo,https://www.inaturalist.org/observations/189310386,"19.4280866667,-155.2581783333",NA,4,projectseawolf_sv,Hawaii Volcanoes National Park,HAVO,24088
2023-10-28T10:30:38-10:00,2023-10-26 13:09:22-10:00,Spermacoce prostrata,species,Prostrate False Buttonweed,https://www.inaturalist.org/observations/189269361,"19.4227948459,-155.2530244087",NA,8,sbierker,Hawaii Volcanoes National Park,HAVO,24101
2023-10-20T11:55:16-10:00,2023-10-20 10:16:49-10:00,Wikstroemia oahuensis,species,ʻĀkia,https://www.inaturalist.org/observations/188307296,"19.3329416667,-155.20137",NA,9512,biosfera_antropoceno,Hawaii Volcanoes National Park,HAVO,24208
2023-10-13T22:07:03-10:00,2022/09/21 1:19 PM,Microlepia setosa setosa,variety,palapalai,https://www.inaturalist.org/observations/187463190,"19.4652775,-155.2490028187",NA,92,marleyi,Hawaii Volcanoes National Park,HAVO,24242
2023-10-06T17:15:24-10:00,2023-10-06 11:42:45-10:00,Microlepia setosa setosa,variety,palapalai,https://www.inaturalist.org/observations/186495625,"19.4417422324,-155.303314203",NA,187,steve_boyd,Hawaii Volcanoes National Park,HAVO,24351
2023-10-06T14:53:46-10:00,2023-09-24 08:28:51,Microlepia setosa setosa,variety,palapalai,https://www.inaturalist.org/observations/186481359,"19.43862594,-155.30323009",NA,8,asplenimanes,Hawaii Volcanoes National Park,HAVO,24360
2023-10-05T17:09:10-10:00,2023-10-05 17:07:51-10:00,Cyperus sanguinolentus,species,purpleglume flatsedge,https://www.inaturalist.org/observations/186363018,"19.425360306,-155.256051635",NA,268,biosfera_antropoceno,Hawaii Volcanoes National Park,HAVO,24372
2023-09-20T20:05:15-10:00,2023-09-19 09:27:25-10:00,Microlepia setosa setosa,variety,palapalai,https://www.inaturalist.org/observations/184223522,"19.4402783333,-155.3048866667",NA,4,christopherrustay,Hawaii Volcanoes National Park,HAVO,24484
2023-09-09T16:56:32-10:00,2023/09/03 5:19 PM,Microlepia setosa setosa,variety,palapalai,https://www.inaturalist.org/observations/182576545,"19.439444,-155.302956",NA,62,dreierj,Hawaii Volcanoes National Park,HAVO,24602
2023-09-05T18:09:17-10:00,2023-08-27 16:33:09,Plantago asiatica,species,Asian plantain,https://www.inaturalist.org/observations/182008015,"19.4152142997,-155.2424868997",NA,NA,hydrophilus,Hawaii Volcanoes National Park,HAVO,24704
2023-09-05T18:07:54-10:00,2023-08-27 16:27:07,Russelia equisetiformis,species,Firecracker plant,https://www.inaturalist.org/observations/182007941,"19.4161338,-155.2427811997",NA,NA,hydrophilus,Hawaii Volcanoes National Park,HAVO,24706
2023-09-02T05:32:26-10:00,2023-04-13 15:04:50-10:00,Brugmansia aurea,species,Golden Angel's Trumpet,https://www.inaturalist.org/observations/181392156,"19.4320916667,-155.271805",NA,12717,c_belcher424,Hawaii Volcanoes National Park,HAVO,24817
2023-08-31T20:58:59-10:00,2023-08-31 10:31:14-10:00,Microlepia setosa setosa,variety,palapalai,https://www.inaturalist.org/observations/181165861,"19.4386,-155.3081366667",NA,32,catchang,Hawaii Volcanoes National Park,HAVO,24855
2023-08-30T10:05:05-10:00,2023-08-30 09:17:22-10:00,Microlepia setosa setosa,variety,palapalai,https://www.inaturalist.org/observations/180962320,"19.4920866145,-155.2613310424",NA,1140,sbierker,Hawaii Volcanoes National Park,HAVO,24869
2023-08-29T11:32:35-10:00,2023-08-27 14:26:13-10:00,Carex longii,species,green-and-white sedge,https://www.inaturalist.org/observations/180831065,"19.4034920766,-155.2515976744",NA,4,sbierker,Hawaii Volcanoes National Park,HAVO,24898
2023-08-27T14:27:05-10:00,2023-08-27 13:32:41-10:00,Plantago asiatica,species,Asian plantain,https://www.inaturalist.org/observations/180545205,"19.4135760199,-155.2398562616",NA,4,sbierker,Hawaii Volcanoes National Park,HAVO,24930
2023-08-21T13:38:03-10:00,2023-08-20 14:28:38-10:00,Paphiopedilum,genus,Asian Slipper Orchids,https://www.inaturalist.org/observations/179603807,"19.430095,-155.2583",NA,40,gloriouscreation,Hawaii Volcanoes National Park,HAVO,24977
2023-08-11T18:59:16-10:00,2023/08/07 9:14 PM,Spermacoce prostrata,species,Prostrate False Buttonweed,https://www.inaturalist.org/observations/177944358,"19.3659750771,-155.2190493599",NA,545,neontetraploid,Hawaii Volcanoes National Park,HAVO,25065
2023-08-10T19:23:32-10:00,2023/08/06 4:51 PM,Gomphrena celosioides,species,prostrate globe-amaranth,https://www.inaturalist.org/observations/177779725,"19.3603053977,-155.3435768671",NA,1938,neontetraploid,Hawaii Volcanoes National Park,HAVO,25122
2023-08-09T23:34:30-10:00,2023-07-28 12:14:31-10:00,Plantago asiatica,species,Asian plantain,https://www.inaturalist.org/observations/177639806,"19.4150292764,-155.2369958054",NA,35,emma5518,Hawaii Volcanoes National Park,HAVO,25150
2023-08-08T14:43:22-10:00,2023/07/22 3:19 PM,Cyperus sanguinolentus,species,purpleglume flatsedge,https://www.inaturalist.org/observations/177433619,"19.4625051271,-155.2482045004",NA,NA,silversea_starsong,Hawaii Volcanoes National Park,HAVO,25191
2023-07-24T21:37:43-10:00,2023-07-24 15:58:50,Stapelia gigantea,species,Zulu Giant,https://www.inaturalist.org/observations/174825504,"19.3642779,-155.2149598",NA,NA,onlybugs,Hawaii Volcanoes National Park,HAVO,25391
2023-07-14T03:28:58-10:00,2023-06-24 10:02:57-10:00,Anthurium andraeanum,species,painter's-palette,https://www.inaturalist.org/observations/172836867,"19.418045,-155.2558883333",NA,4,geoffpz,Hawaii Volcanoes National Park,HAVO,25548
2023-07-09T17:58:05-10:00,2023-07-09 17:56:48-10:00,Rhododendron simsii,species,Red Azalea,https://www.inaturalist.org/observations/172102080,"19.4248992903,-155.256210873",NA,8,sbierker,Hawaii Volcanoes National Park,HAVO,25618
2023-07-09T17:10:34-10:00,2023-07-09 17:05:38-10:00,Cyperus sesquiflorus,species,Fragrant Spikesedge,https://www.inaturalist.org/observations/172095781,"19.4323871177,-155.2630337729",NA,4,sbierker,Hawaii Volcanoes National Park,HAVO,25621
2023-07-06T18:19:20-10:00,2023-07-06 18:18:15-10:00,Spermacoce prostrata,species,Prostrate False Buttonweed,https://www.inaturalist.org/observations/171504329,"19.4320916667,-155.271805",NA,12717,biosfera_antropoceno,Hawaii Volcanoes National Park,HAVO,25673
2023-07-05T20:17:31-10:00,2023-07-04 14:17:35-10:00,Plantago asiatica,species,Asian plantain,https://www.inaturalist.org/observations/171337006,"19.4170617917,-155.2431790686",NA,4,sbierker,Hawaii Volcanoes National Park,HAVO,25695
2023-07-04T21:04:38-10:00,2023/07/04 12:41 PM,Gamochaeta pensylvanica,species,Pennsylvania Cudweed,https://www.inaturalist.org/observations/171166328,"19.4284444444,-155.2592527778",NA,NA,jeffersonashby,Hawaii Volcanoes National Park,HAVO,25729
2023-06-28T10:03:01-10:00,2023/06/12 12:00 PM,Microlepia setosa setosa,variety,palapalai,https://www.inaturalist.org/observations/170002035,"19.440388678,-155.3035003555",NA,61,jnstuart,Hawaii Volcanoes National Park,HAVO,25877
2023-06-18T22:31:19-10:00,2023-06-18 18:15:02-10:00,Anthurium andraeanum,species,painter's-palette,https://www.inaturalist.org/observations/168260910,"19.430905,-155.272505",NA,4,lherrell,Hawaii Volcanoes National Park,HAVO,25918
2023-06-14T12:11:20-10:00,2014/10/23 7:18 PM,Anthurium andraeanum,species,painter's-palette,https://www.inaturalist.org/observations/167436724,"19.4290543,-155.2568892",NA,1361,lhaas,Hawaii Volcanoes National Park,HAVO,25968
2023-06-09T21:35:59-10:00,2023/06/09 4:06 PM,Musa ornata,species,Flowering Banana,https://www.inaturalist.org/observations/166546584,"19.4183,-155.2491",NA,50,danieldas,Hawaii Volcanoes National Park,HAVO,26011
2023-06-09T21:11:55-10:00,2023/06/09 1:41 PM,Spermacoce prostrata,species,Prostrate False Buttonweed,https://www.inaturalist.org/observations/166544721,"19.3367972222,-155.2045444444",NA,13,danieldas,Hawaii Volcanoes National Park,HAVO,26048
2023-06-09T20:51:24-10:00,2023/06/09 12:04 PM,Plantago asiatica,species,Asian plantain,https://www.inaturalist.org/observations/166543013,"19.4149527778,-155.2370444444",NA,4,danieldas,Hawaii Volcanoes National Park,HAVO,26101
2023-06-09T20:51:19-10:00,2023/06/09 11:53 AM,Plantago asiatica,species,Asian plantain,https://www.inaturalist.org/observations/166542986,"19.4132611111,-155.240525",NA,4,danieldas,Hawaii Volcanoes National Park,HAVO,26116
2023-06-09T20:51:14-10:00,2023/06/09 11:42 AM,Plantago asiatica,species,Asian plantain,https://www.inaturalist.org/observations/166542950,"19.4167694444,-155.2430416667",NA,3,danieldas,Hawaii Volcanoes National Park,HAVO,26136
2023-06-09T20:51:13-10:00,2023/06/09 11:19 AM,Plantago asiatica,species,Asian plantain,https://www.inaturalist.org/observations/166542947,"19.4290027778,-155.2575972222",NA,4,danieldas,Hawaii Volcanoes National Park,HAVO,26138
2023-06-02T08:54:40-10:00,2023-06-02 08:54:23-10:00,Epidendrum radicans,species,Fire-star orchid,https://www.inaturalist.org/observations/165180566,"19.425264691,-155.255414948",NA,16,askrenm,Hawaii Volcanoes National Park,HAVO,26184
2023-05-30T20:18:39-10:00,2023-05-30 10:10:55,Microlepia setosa setosa,variety,palapalai,https://www.inaturalist.org/observations/164763559,"19.44285,-155.3033111111",NA,NA,kentross,Hawaii Volcanoes National Park,HAVO,26211
2023-05-09T20:49:48-10:00,2023-05-09 18:23:43-10:00,Lantana × strigocamara,hybrid,Lantana,https://www.inaturalist.org/observations/160867493,"19.2914366667,-155.125275",NA,4,l1ay,Hawaii Volcanoes National Park,HAVO,26306
2023-04-26T14:34:30-10:00,2023-04-26 07:06:19-10:00,Microlepia setosa setosa,variety,palapalai,https://www.inaturalist.org/observations/156819181,"19.442825,-155.3032833333",NA,4,leedoza,Hawaii Volcanoes National Park,HAVO,26372
2023-04-26T08:47:41-10:00,2023-04-26 07:06:19-10:00,Microlepia setosa setosa,variety,palapalai,https://www.inaturalist.org/observations/156774178,"19.442825,-155.3032833333",NA,4,leedoza,Hawaii Volcanoes National Park,HAVO,26379
2023-04-26T08:41:06-10:00,2023-04-26 07:21:01-10:00,Microlepia setosa setosa,variety,palapalai,https://www.inaturalist.org/observations/156773030,"19.44292,-155.3020633333",NA,4,leedoza,Hawaii Volcanoes National Park,HAVO,26383
2023-04-04T15:22:06-10:00,2023-04-03 15:35:33-10:00,Lantana × strigocamara,hybrid,Lantana,https://www.inaturalist.org/observations/153516496,"19.2953166667,-155.0983721667",NA,4,anna120,Hawaii Volcanoes National Park,HAVO,26685
2023-04-04T14:59:59-10:00,2023-04-03 15:23:02-10:00,Lantana × strigocamara,hybrid,Lantana,https://www.inaturalist.org/observations/153514410,"19.2958,-155.0955971667",NA,2,anna120,Hawaii Volcanoes National Park,HAVO,26691
2023-04-04T12:22:50-10:00,2023-04-03 15:12:43-10:00,Lantana × strigocamara,hybrid,Lantana,https://www.inaturalist.org/observations/153498310,"19.29528,-155.0978388333",NA,4,anna120,Hawaii Volcanoes National Park,HAVO,26707
2023-04-04T12:09:04-10:00,2023-04-03 14:43:21-10:00,Lantana × strigocamara,hybrid,Lantana,https://www.inaturalist.org/observations/153496912,"19.2929383333,-155.1219778333",NA,8,anna120,Hawaii Volcanoes National Park,HAVO,26711
2023-04-04T10:52:34-10:00,2023-04-03 14:21:53-10:00,Lantana × strigocamara,hybrid,Lantana,https://www.inaturalist.org/observations/153488378,"19.28942,-155.1290138333",NA,4,anna120,Hawaii Volcanoes National Park,HAVO,26723
2023-03-29T15:35:19-10:00,2023-03-29 12:03:16,Leucospermum cuneiforme,species,Wartstem Pincushion,https://www.inaturalist.org/observations/152789310,"19.416637,-155.242986",NA,NA,sara747,Hawaii Volcanoes National Park,HAVO,26860
2023-03-28T21:13:24-10:00,2023-03-28 13:25:43-10:00,Lantana × strigocamara,hybrid,Lantana,https://www.inaturalist.org/observations/152704254,"19.2885649422,-155.1883575825",NA,3219,indiriver,Hawaii Volcanoes National Park,HAVO,26871
2023-03-18T16:33:32-10:00,Mon Mar 13 2023 16:20:26 GMT -0500 (CDT),Dietes grandiflora,species,Large Fortnight Lily,https://www.inaturalist.org/observations/151563684,"19.4053783417,-155.2793273926",NA,10208,paulefields,Hawaii Volcanoes National Park,HAVO,27000
2023-03-16T22:24:34-10:00,2023-03-15 13:39:30-10:00,Tillandsia usneoides,species,Spanish moss,https://www.inaturalist.org/observations/151373578,"19.409845,-155.252395",NA,5,ladybug-143,Hawaii Volcanoes National Park,HAVO,27006
2023-03-10T15:17:41-10:00,NA,Lycopodium clavatum,species,stag's-horn clubmoss,https://www.inaturalist.org/observations/150780156,"19.4217938374,-155.2925010771",NA,3297,davidhill9,Hawaii Volcanoes National Park,HAVO,27096
2023-03-07T18:26:51-10:00,2023-03-07 14:45:34-10:00,Microlepia setosa setosa,variety,palapalai,https://www.inaturalist.org/observations/150548073,"19.43755,-155.30327",NA,6207,asherhiggins91,Hawaii Volcanoes National Park,HAVO,27173
2023-03-07T18:24:15-10:00,2023-03-07 15:25:04-10:00,Microlepia setosa setosa,variety,palapalai,https://www.inaturalist.org/observations/150547921,"19.439645,-155.3053133333",NA,363,asherhiggins91,Hawaii Volcanoes National Park,HAVO,27178
2023-03-07T18:21:07-10:00,2023-03-07 15:39:16-10:00,Microlepia setosa setosa,variety,palapalai,https://www.inaturalist.org/observations/150547722,"19.4427083333,-155.3037416667",NA,224,asherhiggins91,Hawaii Volcanoes National Park,HAVO,27184
2023-03-07T18:17:57-10:00,2023-03-07 15:50:17-10:00,Microlepia setosa setosa,variety,palapalai,https://www.inaturalist.org/observations/150547527,"19.4428216667,-155.301605",NA,138,asherhiggins91,Hawaii Volcanoes National Park,HAVO,27187
2023-02-04T20:24:06-10:00,2023-02-04 08:01:58,Microlepia setosa setosa,variety,palapalai,https://www.inaturalist.org/observations/148080289,"19.4428491,-155.3032996997",NA,NA,jmole,Hawaii Volcanoes National Park,HAVO,27444
2023-02-04T12:54:21-10:00,2023-02-04 07:50:37,Microlepia setosa setosa,variety,palapalai,https://www.inaturalist.org/observations/148054361,"19.4428149997,-155.3015964997",NA,NA,jmole,Hawaii Volcanoes National Park,HAVO,27451
2023-02-03T21:19:35-10:00,2023-02-03 15:10:14,Spermacoce prostrata,species,Prostrate False Buttonweed,https://www.inaturalist.org/observations/148002862,"19.3670280997,-155.1914999997",NA,NA,jmole,Hawaii Volcanoes National Park,HAVO,27483
2023-02-03T08:16:45-10:00,2023-01-10 08:25:22-10:00,Microlepia setosa setosa,variety,palapalai,https://www.inaturalist.org/observations/147963128,"19.4428833333,-155.3032833333",NA,3,ashley2120,Hawaii Volcanoes National Park,HAVO,27582
2023-01-27T07:17:56-10:00,2023-01-26 16:45:53,Microlepia setosa setosa,variety,palapalai,https://www.inaturalist.org/observations/147467924,"19.4428388889,-155.3034916667",NA,NA,th92105,Hawaii Volcanoes National Park,HAVO,27666
2023-01-19T17:58:32-10:00,2023-01-17 10:36:49,Begonia hirtella,species,bearded begonia,https://www.inaturalist.org/observations/146934608,"19.4173027778,-155.2432833333",NA,NA,ericoid,Hawaii Volcanoes National Park,HAVO,27829
2023-01-05T15:10:37-10:00,2022/12/02 11:54 AM,Gamochaeta pensylvanica,species,Pennsylvania Cudweed,https://www.inaturalist.org/observations/145932677,"19.4182861111,-155.2533111111",NA,3,jimirob1,Hawaii Volcanoes National Park,HAVO,28020
2022-12-31T08:57:13-10:00,2022-12-29 10:06:24,Ardisia elliptica,species,shoebutton Ardisia,https://www.inaturalist.org/observations/145520745,"19.4002296243,-155.2825423703",NA,4392,ajallday,Hawaii Volcanoes National Park,HAVO,28127
2024-09-18T09:22:29-10:00,2024-09-13 09:29:40-10:00,Calanthe tankervilleae,species,Chinese Ground Orchid,https://www.inaturalist.org/observations/242544650,"21.1456861667,-156.9002383333",NA,9,gingaaninjaa,Kalaupapa National Historical Park,KALA,28149
2024-07-22T16:23:03-10:00,2024-07-10 06:23:31-10:00,Plumeria rubra,species,Mexican Plumeria,https://www.inaturalist.org/observations/231124098,"21.2100616667,-156.971345",NA,4,gingaaninjaa,Kalaupapa National Historical Park,KALA,28182
2024-07-22T16:20:58-10:00,2024-07-10 09:02:42-10:00,Pteris vittata,species,Ladder brake,https://www.inaturalist.org/observations/231123865,"21.1798033333,-156.9933916667",NA,4,gingaaninjaa,Kalaupapa National Historical Park,KALA,28184
2024-02-04T10:46:38-10:00,2024-02-03 15:06:56-10:00,Alpinia zerumbet,species,Shell ginger,https://www.inaturalist.org/observations/198425214,"21.175855,-157.0054472167",NA,4,bcinptwa,Kalaupapa National Historical Park,KALA,28227
2023-05-14T20:56:30-10:00,2023-05-14 16:36:42-10:00,Bidens alba,species,White beggarticks,https://www.inaturalist.org/observations/161760842,"21.1942821997,-156.9660625254",NA,678,oilgavart,Kalaupapa National Historical Park,KALA,28229
2023-01-02T21:30:33-10:00,2022/12/27 5:03 PM,Epipremnum aureum,species,Golden Pothos,https://www.inaturalist.org/observations/145736362,"21.174361,-157.003454",NA,NA,kevinfaccenda,Kalaupapa National Historical Park,KALA,28239
2023-01-02T21:30:33-10:00,2022/12/27 4:55 PM,Digitaria henryi,species,Henry's crabgrass,https://www.inaturalist.org/observations/145736360,"21.1770099722,-157.0051029722",NA,NA,kevinfaccenda,Kalaupapa National Historical Park,KALA,28241
2023-01-02T21:30:32-10:00,2022/12/27 4:55 PM,Cotula australis,species,Common Cotula,https://www.inaturalist.org/observations/145736359,"21.1770099722,-157.0051029722",NA,NA,kevinfaccenda,Kalaupapa National Historical Park,KALA,28242
2024-10-03T10:51:57-10:00,2024-10-03 08:51:25-10:00,Hibiscus × rosa-sinensis,hybrid,Tricolor Hibiscus,https://www.inaturalist.org/observations/245467784,"19.6830616667,-156.0331721667",NA,5,maheu1021,Kaloko-Honokohau National Historical Park,KAHO,28381
2024-05-29T16:33:09-10:00,2024-05-29 14:02:34,Porophyllum ruderale,species,yerba porosa,https://www.inaturalist.org/observations/219246016,"19.6716537222,-156.0246124167",NA,NA,lornieclaire,Kaloko-Honokohau National Historical Park,KAHO,28483
2024-05-29T15:04:47-10:00,2024-05-29 14:02:28-10:00,Porophyllum ruderale,species,yerba porosa,https://www.inaturalist.org/observations/219233202,"19.6715866667,-156.0245666667",NA,8,aanderson72,Kaloko-Honokohau National Historical Park,KAHO,28492
2024-05-16T21:47:11-10:00,2024/05/16 1:22 PM,Cenchrus echinatus,species,Southern Sandbur,https://www.inaturalist.org/observations/216263070,"19.6712643168,-156.0245826587",NA,15,aanderson72,Kaloko-Honokohau National Historical Park,KAHO,28537
2024-04-21T10:38:39-10:00,2015-12-12 04:35:32-06:00,Pteris vittata,species,Ladder brake,https://www.inaturalist.org/observations/208566982,"19.678837224,-156.0212367795",NA,270,carsonlambert,Kaloko-Honokohau National Historical Park,KAHO,28557
2024-04-20T20:06:14-10:00,2024-04-19 13:50:18,Gossypium hirsutum,species,Upland Cotton,https://www.inaturalist.org/observations/208429044,"19.6783025,-156.0215679",NA,NA,shelby298,Kaloko-Honokohau National Historical Park,KAHO,28560
2024-04-03T16:19:30-10:00,2024/03/25 9:20 AM,Momordica charantia charantia,subspecies,NA,https://www.inaturalist.org/observations/205320421,"19.6759777778,-156.0224",NA,11,wisel,Kaloko-Honokohau National Historical Park,KAHO,28588
2024-03-03T20:10:25-10:00,2024-03-03 11:36:21-10:00,Terminalia catappa,species,Sea Almond,https://www.inaturalist.org/observations/201230514,"19.6759114223,-156.0225791807",NA,3,lumenal,Kaloko-Honokohau National Historical Park,KAHO,28622
2024-03-03T20:07:54-10:00,2024-03-03 11:25:16-10:00,Momordica charantia charantia,subspecies,NA,https://www.inaturalist.org/observations/201230394,"19.6764614945,-156.0206750596",NA,3,lumenal,Kaloko-Honokohau National Historical Park,KAHO,28628
2024-02-13T19:51:20-10:00,2024/02/11 10:43 AM,Momordica charantia charantia,subspecies,NA,https://www.inaturalist.org/observations/199256280,"19.6764450833,-156.020777305",NA,10,pierce_louderback,Kaloko-Honokohau National Historical Park,KAHO,28652
2024-01-16T07:10:39-10:00,2024-01-04 10:43:05-10:00,Momordica charantia charantia,subspecies,NA,https://www.inaturalist.org/observations/196849575,"19.6765833333,-156.020675",NA,4,bdale1334,Kaloko-Honokohau National Historical Park,KAHO,28667
2024-01-08T15:15:41-10:00,2023/12/13 2:25 PM,Momordica charantia charantia,subspecies,NA,https://www.inaturalist.org/observations/196167259,"19.6760194444,-156.0228416667",NA,4,darylnolan,Kaloko-Honokohau National Historical Park,KAHO,28675
2023-09-26T09:32:30-10:00,2023-09-26 09:31:56-10:00,Scaevola taccada taccada,subspecies,NA,https://www.inaturalist.org/observations/185048034,"19.6738633333,-156.0260778333",NA,4,kaminslc,Kaloko-Honokohau National Historical Park,KAHO,28742
2023-09-06T15:19:53-10:00,2023-08-29 21:41:49,Lysiphyllum hookeri,species,White Bauhinia,https://www.inaturalist.org/observations/182127856,"19.6721648997,-156.0253961997",NA,NA,hydrophilus,Kaloko-Honokohau National Historical Park,KAHO,28776
2023-07-18T07:23:44-10:00,2023/07/16 7:25 PM,Ficus lyrata,species,Fiddle-leaf Fig,https://www.inaturalist.org/observations/173625228,"19.6681090932,-156.0270352179",NA,15,howardfriedman1,Kaloko-Honokohau National Historical Park,KAHO,28886
2023-07-18T07:23:43-10:00,2023/07/16 7:25 PM,Ficus lyrata,species,Fiddle-leaf Fig,https://www.inaturalist.org/observations/173625225,"19.6680181671,-156.0267562682",NA,15,howardfriedman1,Kaloko-Honokohau National Historical Park,KAHO,28887
2023-04-01T14:06:52-10:00,2023-04-01 13:21:37-10:00,Washingtonia robusta,species,Mexican Fan Palm,https://www.inaturalist.org/observations/153113239,"19.6706333333,-156.0264278333",NA,4,anna120,Kaloko-Honokohau National Historical Park,KAHO,28944
2023-03-31T21:47:04-10:00,2023-03-31 12:46:14,Momordica charantia charantia,subspecies,NA,https://www.inaturalist.org/observations/153016821,"19.6760611111,-156.0238916667",NA,NA,wadesworld19,Kaloko-Honokohau National Historical Park,KAHO,28946
2023-03-09T13:40:29-10:00,2023-03-09 13:36:46,Washingtonia robusta,species,Mexican Fan Palm,https://www.inaturalist.org/observations/150692851,"19.67185982,-156.02542081",NA,8,florawhite,Kaloko-Honokohau National Historical Park,KAHO,28991
2023-02-11T17:01:54-10:00,2023/01/29 4:11 PM,Pteris vittata,species,Ladder brake,https://www.inaturalist.org/observations/148573886,"19.6787380764,-156.0221449208",NA,8,jmole,Kaloko-Honokohau National Historical Park,KAHO,29011
2023-01-29T10:09:16-10:00,2023-01-29 10:08:23,Pteris vittata,species,Ladder brake,https://www.inaturalist.org/observations/147640423,"19.678892,-156.0218658",NA,NA,jmole,Kaloko-Honokohau National Historical Park,KAHO,29038
2023-01-29T10:08:05-10:00,2023-01-29 10:07:28,Pteris vittata,species,Ladder brake,https://www.inaturalist.org/observations/147640338,"19.6787677997,-156.0220960997",NA,NA,jmole,Kaloko-Honokohau National Historical Park,KAHO,29040
2023-01-29T10:05:39-10:00,2023-01-29 10:04:59,Pteris vittata,species,Ladder brake,https://www.inaturalist.org/observations/147640127,"19.6782256,-156.0220074",NA,NA,jmole,Kaloko-Honokohau National Historical Park,KAHO,29041
2023-01-13T20:16:45-10:00,2023-01-13 12:07:28,Mollugo verticillata,species,green carpetweed,https://www.inaturalist.org/observations/146513528,"19.68410027,-156.02287201",NA,3,paul_norwood,Kaloko-Honokohau National Historical Park,KAHO,29117
2023-01-13T20:16:35-10:00,2023-01-13 12:05:42,Euploca procumbens,species,fourspike heliotrope,https://www.inaturalist.org/observations/146513521,"19.6845149,-156.02315538",NA,4,paul_norwood,Kaloko-Honokohau National Historical Park,KAHO,29118
2023-01-13T20:16:25-10:00,2023-01-13 12:02:09,Indigofera spicata,species,Creeping Indigo,https://www.inaturalist.org/observations/146513520,"19.68579041,-156.02424083",NA,3,paul_norwood,Kaloko-Honokohau National Historical Park,KAHO,29119
2026-01-16T18:53:26-10:00,2026-01-16 13:45:43,Ficus benghalensis,species,Indian banyan,https://www.inaturalist.org/observations/335030230,"20.665905,-156.0508416667",NA,94,alieser,Haleakala National Park,HALE,29184
2026-01-12T20:39:18-10:00,2026-01-12 12:30:20-10:00,Microsorum scolopendria,species,monarch fern,https://www.inaturalist.org/observations/334581213,"20.6670333333,-156.0513305",NA,5,sophie_marin,Haleakala National Park,HALE,29262
2025-12-14T18:50:58-10:00,2025-12-14 18:49:50,Dimerocostus strobilaceus,species,NA,https://www.inaturalist.org/observations/330814675,"20.6650000856,-156.0484307259",NA,573,joeylatsha,Haleakala National Park,HALE,29371
2025-12-05T20:51:54-10:00,2025-11-29 08:30:27,Asplenium musifolium,species,‘ēkaha,https://www.inaturalist.org/observations/329664146,"20.6686583333,-156.0525666667",NA,38,bladerian,Haleakala National Park,HALE,29425
2025-11-25T10:09:57-10:00,2025-11-24 10:45:28,Ficus benghalensis,species,Indian banyan,https://www.inaturalist.org/observations/328240421,"20.66577,-156.0510555",NA,4,lgo987,Haleakala National Park,HALE,29514
2025-11-25T10:09:29-10:00,2025-11-24 10:45:46,Ficus benghalensis,species,Indian banyan,https://www.inaturalist.org/observations/328240367,"20.665695,-156.0509945",NA,6,lgo987,Haleakala National Park,HALE,29515
2025-11-20T15:46:21-10:00,2025-11-20 10:06:08-10:00,Asplenium musifolium,species,‘ēkaha,https://www.inaturalist.org/observations/327450799,"20.6684916667,-156.05255",NA,4,janeatx,Haleakala National Park,HALE,29523
2025-11-16T15:18:38-10:00,2025/11/12 2:43 PM,Cyperus meyenianus,species,Meyen's Flatsedge,https://www.inaturalist.org/observations/326889312,"20.6651444444,-156.0498666667",NA,NA,necology,Haleakala National Park,HALE,29580
2025-08-24T03:41:58-10:00,2025-08-17 14:53:55-10:00,Cyperus meyenianus,species,Meyen's Flatsedge,https://www.inaturalist.org/observations/308705110,"20.6651466667,-156.0503083333",NA,169,thefruithunter,Haleakala National Park,HALE,29820
2025-08-22T06:13:39-10:00,2025-08-17 15:18:23-10:00,Asplenium musifolium,species,‘ēkaha,https://www.inaturalist.org/observations/308218952,"20.66797,-156.0522",NA,19,thefruithunter,Haleakala National Park,HALE,29830
2025-08-05T07:14:20-10:00,2025-08-03 12:44:30-10:00,Erigeron bellioides,species,daisy fleabane,https://www.inaturalist.org/observations/304019678,"20.6680235473,-156.0517836096",NA,4,sbierker,Haleakala National Park,HALE,29905
2025-07-23T21:02:01-10:00,2025-07-23 13:14:08,Fagraea berteroana,species,Pua Kenikeni,https://www.inaturalist.org/observations/300605158,"20.6619333333,-156.0444195",NA,2,garjr513,Haleakala National Park,HALE,30001
2025-06-30T16:36:31-10:00,2025-06-15 15:14:09,Epilobium ciliatum,species,fringed willowherb,https://www.inaturalist.org/observations/294220658,"20.7182383333,-156.1594083333",NA,6,zacpfeifer,Haleakala National Park,HALE,30140
2025-06-10T09:48:28-10:00,2017-06-10 09:48:00-10:00,Ficus benghalensis,species,Indian banyan,https://www.inaturalist.org/observations/288553252,"20.6647227446,-156.0475017769",NA,732,bethany_lee,Haleakala National Park,HALE,30299
2025-05-10T03:58:58-10:00,2013/09/26 1:21 PM,Ficus benghalensis,species,Indian banyan,https://www.inaturalist.org/observations/279938318,"20.665684,-156.050979",NA,NA,marktheplanthunter,Haleakala National Park,HALE,30409
2025-04-18T12:27:06-10:00,2025/03/15 12:13 PM,Brugmansia,genus,angel's trumpets,https://www.inaturalist.org/observations/271312489,"20.7682333333,-156.2374833333",NA,NA,patmlucas,Haleakala National Park,HALE,30512
2025-04-17T21:38:52-10:00,Tue Feb 11 2025 16:10:16 GMT-1000 (HST),Microlepia setosa mauiensis,variety,maui palapalai,https://www.inaturalist.org/observations/271163378,"20.7090716667,-156.1075583333",NA,5,amandagersoff,Haleakala National Park,HALE,30514
2025-04-07T17:48:47-10:00,2025-04-07 17:48:30-10:00,Fragaria vesca,species,woodland strawberry,https://www.inaturalist.org/observations/269232660,"20.7667482225,-156.2365630847",NA,3,jostzwiebel,Haleakala National Park,HALE,30556
2025-03-29T11:11:49-10:00,2025-03-28 14:41:56,Macroptilium atropurpureum,species,Purple Bush-Bean,https://www.inaturalist.org/observations/267586204,"20.6622805997,-156.0444728997",NA,NA,anton_clifford,Haleakala National Park,HALE,30585
2025-03-19T21:20:09-10:00,2025-03-19 15:54:20-10:00,Asplenium musifolium,species,‘ēkaha,https://www.inaturalist.org/observations/266067786,"20.670945,-156.0550445",NA,14,lila95181,Haleakala National Park,HALE,30638
2025-03-19T21:00:44-10:00,2025-03-19 14:56:41-10:00,Enterolobium cyclocarpum,species,elephant ear tree,https://www.inaturalist.org/observations/266066733,"20.6641216667,-156.0460583333",NA,4,lila95181,Haleakala National Park,HALE,30650
2025-03-13T16:53:24-10:00,2025-03-13 16:27:50-10:00,Macroptilium atropurpureum,species,Purple Bush-Bean,https://www.inaturalist.org/observations/265239224,"20.6622192403,-156.0444043951",NA,3,ccgibbons,Haleakala National Park,HALE,30672
2025-02-04T21:30:26-10:00,2025-02-03 11:17:08-10:00,Macroptilium atropurpureum,species,Purple Bush-Bean,https://www.inaturalist.org/observations/260686311,"20.6623116667,-156.0445111667",NA,14,gbolwerk,Haleakala National Park,HALE,30818
2025-02-03T21:26:57-10:00,2025-02-03 08:29:25-10:00,Falcataria,genus,NA,https://www.inaturalist.org/observations/260580400,"20.66362,-156.0451195",NA,3,gbolwerk,Haleakala National Park,HALE,30830
2025-01-24T20:49:40-10:00,2023/05/03 11:34 AM,Ficus benghalensis,species,Indian banyan,https://www.inaturalist.org/observations/259505312,"20.6622611111,-156.0435166667",NA,39,kurtrademacher,Haleakala National Park,HALE,30848
2026-01-19T15:45:07-10:00,2026-01-07 17:07:04,Spermacoce prostrata,species,Prostrate False Buttonweed,https://www.inaturalist.org/observations/335428950,"19.3728924,-155.2088161",NA,NA,yerbasanta,Hawaii Volcanoes National Park,HAVO,30964
2026-01-19T10:29:08-10:00,2026-01-10 12:15:30,Epidendrum radicans,species,Fire-star orchid,https://www.inaturalist.org/observations/335394279,"19.4280240735,-155.2573030215",NA,7,cvrhope,Hawaii Volcanoes National Park,HAVO,30966
2026-01-17T14:05:05-10:00,2026-01-07 12:50:26,Wahlenbergia marginata,species,southern rockbell,https://www.inaturalist.org/observations/335137144,"19.3650956,-155.2160393997",NA,NA,yerbasanta,Hawaii Volcanoes National Park,HAVO,31071
2026-01-17T13:25:16-10:00,2026-01-07 12:50:12,Cyperus sesquiflorus,species,Fragrant Spikesedge,https://www.inaturalist.org/observations/335132041,"19.365096,-155.2160389722",NA,NA,yerbasanta,Hawaii Volcanoes National Park,HAVO,31072
2026-01-16T17:52:59-10:00,2026-01-16 15:43:06,Anthurium andraeanum,species,painter's-palette,https://www.inaturalist.org/observations/335025194,"19.4167783333,-155.2429966667",NA,3,sam3104,Hawaii Volcanoes National Park,HAVO,31094
2026-01-15T19:18:04-10:00,2026-01-15 09:55:11,Spermacoce prostrata,species,Prostrate False Buttonweed,https://www.inaturalist.org/observations/334916822,"19.3722333333,-155.210205",NA,3,sam3104,Hawaii Volcanoes National Park,HAVO,31103
2026-01-15T16:22:54-10:00,2026-01-15 13:57:40-10:00,Hedychium coccineum,species,Orange ginger lily,https://www.inaturalist.org/observations/334902583,"19.4282916667,-155.25798",NA,22,eehinger,Hawaii Volcanoes National Park,HAVO,31110
2026-01-14T19:39:09-10:00,2026-01-13 13:42:28,Etlingera elatior,species,Torch ginger,https://www.inaturalist.org/observations/334805919,"19.4032434728,-155.2635344933",NA,3,rjann,Hawaii Volcanoes National Park,HAVO,31177
2026-01-14T17:24:12-10:00,2026-01-14 14:18:30-10:00,Sporobolus elongatus,species,slender rat's tail grass,https://www.inaturalist.org/observations/334795687,"19.2955083333,-155.3069616667",NA,4,ka_y_ak,Hawaii Volcanoes National Park,HAVO,31223
2026-01-14T17:22:13-10:00,2026-01-07 17:20:24,Anthurium andraeanum,species,painter's-palette,https://www.inaturalist.org/observations/334795499,"19.4282533,-155.2573236",NA,500,cvrhope,Hawaii Volcanoes National Park,HAVO,31226
2026-01-14T16:44:32-10:00,2026-01-14 15:31:35-10:00,Gomphrena celosioides,species,prostrate globe-amaranth,https://www.inaturalist.org/observations/334791810,"19.3438366667,-155.273955",NA,9,ka_y_ak,Hawaii Volcanoes National Park,HAVO,31233
2026-01-14T16:40:11-10:00,2026-01-14 15:34:56-10:00,Cotula australis,species,Common Cotula,https://www.inaturalist.org/observations/334791297,"19.3437716667,-155.2737883333",NA,4,ka_y_ak,Hawaii Volcanoes National Park,HAVO,31234
2026-01-11T18:25:26-10:00,2026-01-11 08:18:46-10:00,Psychotria mariniana,species,Kōpiko,https://www.inaturalist.org/observations/334454449,"19.4385166667,-155.3031166667",NA,3,mmuth154,Hawaii Volcanoes National Park,HAVO,31318
2026-01-11T11:22:52-10:00,2026-01-10 16:23:46-10:00,Plantago asiatica,species,Asian plantain,https://www.inaturalist.org/observations/334405304,"19.415005,-155.237245",NA,61,leahzeng,Hawaii Volcanoes National Park,HAVO,31345
2026-01-11T11:21:49-10:00,2026-01-10 17:11:31-10:00,Spermacoce prostrata,species,Prostrate False Buttonweed,https://www.inaturalist.org/observations/334405189,"19.4120883333,-155.2418366667",NA,102,leahzeng,Hawaii Volcanoes National Park,HAVO,31346
2026-01-09T13:10:21-10:00,2026-01-09 12:19:32-10:00,Anthurium andraeanum,species,painter's-palette,https://www.inaturalist.org/observations/334142560,"19.4172833333,-155.24443",NA,188,davidtynan,Hawaii Volcanoes National Park,HAVO,31545
2026-01-07T19:26:03-10:00,2026-01-07 16:59:47,Anthurium andraeanum,species,painter's-palette,https://www.inaturalist.org/observations/333935408,"19.4167893628,-155.2430141952",NA,7,kelly2296,Hawaii Volcanoes National Park,HAVO,31580
2026-01-06T12:01:28-10:00,2026-01-03 14:48:05,Bambusa multiplex,species,hedge bamboo,https://www.inaturalist.org/observations/333777235,"19.4307072048,-155.2594398335",NA,25,yerbasanta,Hawaii Volcanoes National Park,HAVO,31651
2026-01-05T11:53:56-10:00,2026-01-03 14:18:29,Spermacoce prostrata,species,Prostrate False Buttonweed,https://www.inaturalist.org/observations/333652713,"19.4309671048,-155.2655375004",NA,65,yerbasanta,Hawaii Volcanoes National Park,HAVO,31703
2026-01-05T06:20:03-10:00,2026-01-03 13:59:30,Richardia scabra,species,Florida Pusley,https://www.inaturalist.org/observations/333591945,"19.4308896408,-155.2672487497",NA,18,yerbasanta,Hawaii Volcanoes National Park,HAVO,31711
2026-01-03T16:31:18-10:00,2026-01-03 10:39:43-10:00,Anthurium andraeanum,species,painter's-palette,https://www.inaturalist.org/observations/333380819,"19.41672,-155.2430416667",NA,7,mmuth154,Hawaii Volcanoes National Park,HAVO,31749
2025-12-31T21:42:45-10:00,2025-11-30 14:12:33,Spermacoce prostrata,species,Prostrate False Buttonweed,https://www.inaturalist.org/observations/332977823,"19.3369666,-155.2036744",NA,NA,upthemountain,Hawaii Volcanoes National Park,HAVO,31803
2025-12-28T18:51:33-10:00,2025-12-22 13:23:09-10:00,Cyperus sesquiflorus,species,Fragrant Spikesedge,https://www.inaturalist.org/observations/332550199,"19.37572,-155.2365716667",NA,12,ka_y_ak,Hawaii Volcanoes National Park,HAVO,31921
2025-12-28T09:52:17-10:00,2025-12-27 15:13:02,Sapindus thurstonii,species,Mānele,https://www.inaturalist.org/observations/332480278,"19.4388466667,-155.3033916667",NA,13,townscapes,Hawaii Volcanoes National Park,HAVO,31975
2025-12-20T05:41:23-10:00,2025-12-19 14:54:39,Plantago asiatica,species,Asian plantain,https://www.inaturalist.org/observations/331428797,"19.4137492537,-155.2385514602",NA,28,grace_sibley,Hawaii Volcanoes National Park,HAVO,32280
2025-12-19T12:14:59-10:00,Fri Dec 19 2025 12:14:42 GMT -1000 (HST),Rhododendron indicum,species,southern Indian azalea,https://www.inaturalist.org/observations/331351325,"19.432806015,-155.2738647461",NA,15,dazpaz,Hawaii Volcanoes National Park,HAVO,32289
2025-12-15T07:20:04-10:00,2025-12-04 15:15:09,Plantago asiatica,species,Asian plantain,https://www.inaturalist.org/observations/330868438,"19.4146037,-155.2381412997",NA,NA,vmlk,Hawaii Volcanoes National Park,HAVO,32355
2025-12-08T18:25:04-10:00,2025-12-08 17:16:01-10:00,Spermacoce prostrata,species,Prostrate False Buttonweed,https://www.inaturalist.org/observations/330065686,"19.4306333333,-155.2636116667",NA,13,lilimz,Hawaii Volcanoes National Park,HAVO,32452
2025-12-06T16:51:11-10:00,Sat Dec 06 2025 16:51:00 GMT -1000 (HST),Anthurium andraeanum,species,painter's-palette,https://www.inaturalist.org/observations/329780912,"19.4167613983,-155.242980957",NA,3,patricus,Hawaii Volcanoes National Park,HAVO,32477
2025-12-06T09:09:09-10:00,Sat Dec 06 2025 09:09:03 GMT -1000 (HST),Anthurium andraeanum,species,painter's-palette,https://www.inaturalist.org/observations/329728568,"19.4166316986,-155.2430419922",NA,11,littleblkdog,Hawaii Volcanoes National Park,HAVO,32509
2025-11-27T04:32:29-10:00,2025-11-08 16:01:21-10:00,Anthurium andraeanum,species,painter's-palette,https://www.inaturalist.org/observations/328486771,"19.42835,-155.258225",NA,4,ben_ginter,Hawaii Volcanoes National Park,HAVO,32579
2025-11-27T04:31:55-10:00,2025-11-08 16:01:12-10:00,Phyllostachys aurea,species,fishpole bamboo,https://www.inaturalist.org/observations/328486641,"19.428295,-155.2582083333",NA,3,ben_ginter,Hawaii Volcanoes National Park,HAVO,32580
2025-11-26T14:29:50-10:00,2025-11-26 10:25:11,Tillandsia usneoides,species,Spanish moss,https://www.inaturalist.org/observations/328418421,"19.4313235,-155.2733102997",NA,NA,erinkob,Hawaii Volcanoes National Park,HAVO,32611
2025-11-24T14:48:36-10:00,2025-11-24 11:09:18,Spermacoce prostrata,species,Prostrate False Buttonweed,https://www.inaturalist.org/observations/328131068,"19.3713388889,-155.2257361111",NA,NA,tom_rooney,Hawaii Volcanoes National Park,HAVO,32794
2025-11-23T12:25:52-10:00,2024/05/14 5:40 AM,Anthurium andraeanum,species,painter's-palette,https://www.inaturalist.org/observations/327939626,"19.2958123128,-155.0974203652",NA,31,paleogene,Hawaii Volcanoes National Park,HAVO,32904
2025-11-21T15:12:01-10:00,2025-11-08 14:35:27-10:00,Anthurium andraeanum,species,painter's-palette,https://www.inaturalist.org/observations/327591644,"19.4110333333,-155.24948",NA,4,ben_ginter,Hawaii Volcanoes National Park,HAVO,32983
2025-11-20T17:38:15-10:00,2025/11/08 3:48 PM,Anthurium andraeanum,species,painter's-palette,https://www.inaturalist.org/observations/327462380,"19.4285853762,-155.2585658457",NA,2,ben_ginter,Hawaii Volcanoes National Park,HAVO,33017
2025-11-09T19:46:50-10:00,2025-11-09 08:23:26,Crotalaria trichotoma,species,West Indian Rattlebox,https://www.inaturalist.org/observations/325826559,"19.3932576997,-155.2286933997",NA,NA,oddnovels,Hawaii Volcanoes National Park,HAVO,33229
2025-11-02T18:32:19-10:00,2025-11-02 15:49:45-10:00,Phyllostachys aurea,species,fishpole bamboo,https://www.inaturalist.org/observations/324654263,"19.4280014394,-155.2581316687",NA,15,kelly-welly,Hawaii Volcanoes National Park,HAVO,33430
2025-10-10T21:34:06-10:00,2025-10-10 17:09:54-10:00,Sida spinosa,species,prickly fanpetals,https://www.inaturalist.org/observations/320112178,"19.4381116667,-155.3052533333",NA,8,ka_y_ak,Hawaii Volcanoes National Park,HAVO,33652
2025-10-07T10:31:11-10:00,2025-08-20 10:58:11,Arundina graminifolia caespitosa,subspecies,NA,https://www.inaturalist.org/observations/319432337,"19.4314278997,-155.2601383997",NA,NA,ken45,Hawaii Volcanoes National Park,HAVO,33720
2025-10-01T10:32:28-10:00,2025-10-01 06:13:06-10:00,Cattleya,genus,NA,https://www.inaturalist.org/observations/318062501,"19.4264116667,-155.2567583333",NA,8,ka_y_ak,Hawaii Volcanoes National Park,HAVO,33754
2025-09-23T17:01:59-10:00,2025-09-22 14:29:33,Plantago asiatica,species,Asian plantain,https://www.inaturalist.org/observations/316202153,"19.4345555556,-155.2810888889",NA,NA,beer_rice,Hawaii Volcanoes National Park,HAVO,33812
2025-09-23T14:44:47-10:00,2025-09-22 15:43:59,Epidendrum radicans,species,Fire-star orchid,https://www.inaturalist.org/observations/316181659,"19.4052611111,-155.2539777778",NA,NA,beer_rice,Hawaii Volcanoes National Park,HAVO,33821
2025-09-23T06:06:05-10:00,2025-09-22 11:09:53-10:00,Gladiolus × hortulanus,hybrid,Large-flowered Gladiolus,https://www.inaturalist.org/observations/316077287,"19.4268083333,-155.2590466667",NA,11,merrilalwyn,Hawaii Volcanoes National Park,HAVO,33867
2025-09-18T18:06:31-10:00,2025-09-18 09:25:19-10:00,Cyperus sesquiflorus,species,Fragrant Spikesedge,https://www.inaturalist.org/observations/314940452,"19.4183333333,-155.2536916667",NA,9,ka_y_ak,Hawaii Volcanoes National Park,HAVO,33939
2025-09-18T17:59:03-10:00,2025-09-18 09:56:37-10:00,Plantago asiatica,species,Asian plantain,https://www.inaturalist.org/observations/314939644,"19.4175133333,-155.2467333333",NA,64,ka_y_ak,Hawaii Volcanoes National Park,HAVO,33942
2025-09-18T13:09:21-10:00,2025-09-18 12:53:29-10:00,Terminalia catappa,species,Sea Almond,https://www.inaturalist.org/observations/314898873,"19.4060507918,-155.2529500573",NA,4,sbierker,Hawaii Volcanoes National Park,HAVO,33972
2025-09-18T11:07:10-10:00,2025-09-18 09:57:19-10:00,Plantago asiatica,species,Asian plantain,https://www.inaturalist.org/observations/314877157,"19.4174072661,-155.2467751213",NA,4,sbierker,Hawaii Volcanoes National Park,HAVO,33982
2025-09-17T09:13:08-10:00,2025-09-16 12:16:32-10:00,Spermacoce prostrata,species,Prostrate False Buttonweed,https://www.inaturalist.org/observations/314635786,"19.3918533333,-155.2489",NA,82,ka_y_ak,Hawaii Volcanoes National Park,HAVO,34032
2025-09-16T08:03:22-10:00,2025-09-09 07:28:51-10:00,Spermacoce prostrata,species,Prostrate False Buttonweed,https://www.inaturalist.org/observations/314390743,"19.4253466667,-155.2572783333",NA,9,ka_y_ak,Hawaii Volcanoes National Park,HAVO,34063
2025-09-16T07:23:45-10:00,2025-09-12 09:13:22-10:00,Gamochaeta pensylvanica,species,Pennsylvania Cudweed,https://www.inaturalist.org/observations/314382321,"19.434805,-155.274855",NA,18,ka_y_ak,Hawaii Volcanoes National Park,HAVO,34120
2025-09-16T07:20:10-10:00,2025-09-12 09:30:09-10:00,Plantago asiatica,species,Asian plantain,https://www.inaturalist.org/observations/314381663,"19.43403,-155.2753",NA,14,ka_y_ak,Hawaii Volcanoes National Park,HAVO,34127
2025-09-16T07:10:15-10:00,2025-09-12 11:38:33-10:00,Wikstroemia uva-ursi,species,ʻĀkia,https://www.inaturalist.org/observations/314379923,"19.43012,-155.26068",NA,13,ka_y_ak,Hawaii Volcanoes National Park,HAVO,34146
2025-09-15T19:49:31-10:00,2025-09-15 11:09:16-10:00,Vanda,genus,NA,https://www.inaturalist.org/observations/314282979,"19.3700716667,-155.2058116667",NA,13,ka_y_ak,Hawaii Volcanoes National Park,HAVO,34171
2025-09-14T11:54:04-10:00,2025-09-14 09:44:45,Buddleja paniculata,species,NA,https://www.inaturalist.org/observations/313965495,"19.4129888,-155.2460582997",NA,NA,carterstrope,Hawaii Volcanoes National Park,HAVO,34255
2025-09-14T11:47:07-10:00,2025-09-14 09:39:35,Buddleja paniculata,species,NA,https://www.inaturalist.org/observations/313963742,"19.4128025997,-155.2452863997",NA,NA,carterstrope,Hawaii Volcanoes National Park,HAVO,34260
2025-09-12T11:51:14-10:00,2025-09-12 11:39:04-10:00,Wikstroemia uva-ursi,species,ʻĀkia,https://www.inaturalist.org/observations/313422804,"19.430123859,-155.2606594267",NA,3,sbierker,Hawaii Volcanoes National Park,HAVO,34290
2025-09-12T11:03:42-10:00,2025-09-12 11:02:04-10:00,Stylosanthes guianensis,species,NA,https://www.inaturalist.org/observations/313413009,"19.4299048191,-155.2676562473",NA,349,sbierker,Hawaii Volcanoes National Park,HAVO,34302
2025-09-12T09:32:28-10:00,2025-09-12 09:30:18-10:00,Plantago asiatica,species,Asian plantain,https://www.inaturalist.org/observations/313395406,"19.4340054476,-155.2752943383",NA,4,sbierker,Hawaii Volcanoes National Park,HAVO,34308
2025-09-10T16:40:10-10:00,2025/07/10 1:58 PM,Anthurium andraeanum,species,painter's-palette,https://www.inaturalist.org/observations/313039691,"19.4197043164,-155.2888179117",NA,2,jtcouncil,Hawaii Volcanoes National Park,HAVO,34337
2025-08-16T14:27:35-10:00,2025-08-16 13:19:41,Plantago asiatica,species,Asian plantain,https://www.inaturalist.org/observations/306877831,"19.4144688161,-155.2381640567",NA,6,dontwantnoshrubs,Hawaii Volcanoes National Park,HAVO,34532
2025-07-28T15:46:07-10:00,2025/07/27 9:56 AM,Spermacoce prostrata,species,Prostrate False Buttonweed,https://www.inaturalist.org/observations/301985858,"19.4299682275,-155.266943319",NA,15,warddaniel,Hawaii Volcanoes National Park,HAVO,35127
2025-07-28T13:28:18-10:00,2025/07/26 3:43 PM,Zingiber spectabile,species,beehive ginger,https://www.inaturalist.org/observations/301960234,"19.429548377,-155.2587592113",NA,2,warddaniel,Hawaii Volcanoes National Park,HAVO,35164
2025-07-26T21:56:32-10:00,2025-05-03 17:41:06,Tillandsia usneoides,species,Spanish moss,https://www.inaturalist.org/observations/301445781,"19.4301972222,-155.2683666667",NA,NA,moses_outdoors,Hawaii Volcanoes National Park,HAVO,35192
2025-07-24T11:12:26-10:00,2025-07-20 10:40:01,Spermacoce prostrata,species,Prostrate False Buttonweed,https://www.inaturalist.org/observations/300777550,"19.4237083333,-155.2846966667",NA,4,samstrich,Hawaii Volcanoes National Park,HAVO,35292
2025-07-06T17:09:30-10:00,2025-07-06 14:53:48,Plantago asiatica,species,Asian plantain,https://www.inaturalist.org/observations/295896480,"19.4300197594,-155.2593093905",NA,139,mtntopview,Hawaii Volcanoes National Park,HAVO,35555
2025-07-04T14:46:23-10:00,2025/06/29 3:05 PM,Epidendrum radicans,species,Fire-star orchid,https://www.inaturalist.org/observations/295264978,"19.427499665,-155.2565440343",NA,4,nmoorhatch,Hawaii Volcanoes National Park,HAVO,35847
2025-06-23T14:22:04-10:00,2025-06-23 14:21:28-10:00,Cupressus sempervirens,species,Mediterranean cypress,https://www.inaturalist.org/observations/292228149,"19.4324783333,-155.274475",NA,24,rileywyna,Hawaii Volcanoes National Park,HAVO,35978
2025-06-18T09:06:06-10:00,2025-06-14 12:44:15-10:00,Wikstroemia uva-ursi,species,ʻĀkia,https://www.inaturalist.org/observations/290740433,"19.4298716667,-155.26088",NA,10,jordanl212,Hawaii Volcanoes National Park,HAVO,36140
2025-06-16T22:38:22-10:00,2025-06-16 13:40:44,Plantago asiatica,species,Asian plantain,https://www.inaturalist.org/observations/290350212,"19.4299445411,-155.259146214",NA,4,brianstreng,Hawaii Volcanoes National Park,HAVO,36154
2025-06-16T08:00:56-10:00,2025-06-14 12:54:11-10:00,Spermacoce prostrata,species,Prostrate False Buttonweed,https://www.inaturalist.org/observations/290191782,"19.430655,-155.2636716667",NA,6,jordanl212,Hawaii Volcanoes National Park,HAVO,36185
2025-06-15T07:33:59-10:00,2025-06-14 14:40:49-10:00,Plantago asiatica,species,Asian plantain,https://www.inaturalist.org/observations/289890053,"19.41478,-155.23752",NA,32,jordanl212,Hawaii Volcanoes National Park,HAVO,36246
2025-06-04T14:27:46-10:00,2025-06-04 14:27:33-10:00,Anthurium andraeanum,species,painter's-palette,https://www.inaturalist.org/observations/286931036,"19.4109090977,-155.2495098767",NA,4,erllathrop,Hawaii Volcanoes National Park,HAVO,36316
2025-05-31T17:41:08-10:00,2025/05/03 7:13 PM,Richardia scabra,species,Florida Pusley,https://www.inaturalist.org/observations/285840839,"19.4721389,-155.5922066",NA,206,geoffabbott,Hawaii Volcanoes National Park,HAVO,36335
2025-05-31T17:33:14-10:00,2025/05/03 6:32 PM,Psychotria mariniana,species,Kōpiko,https://www.inaturalist.org/observations/285839476,"19.4721389,-155.5922066",NA,206,geoffabbott,Hawaii Volcanoes National Park,HAVO,36352
2025-05-24T11:47:18-10:00,2025-05-24 07:52:16-10:00,Spermacoce prostrata,species,Prostrate False Buttonweed,https://www.inaturalist.org/observations/283764027,"19.4329533333,-155.2849716667",NA,6,ka_y_ak,Hawaii Volcanoes National Park,HAVO,36516
2025-05-22T14:02:45-10:00,2025-05-22 10:32:07-10:00,Pteris parkeri,species,silver ribbon fern,https://www.inaturalist.org/observations/283262729,"19.4131633333,-155.2401716667",NA,78,alycia_m,Hawaii Volcanoes National Park,HAVO,36547
2025-05-14T07:44:58-10:00,2025-05-14 07:43:25,Rhododendron indicum,species,southern Indian azalea,https://www.inaturalist.org/observations/281064403,"19.4330068,-155.273839",NA,24,madkins,Hawaii Volcanoes National Park,HAVO,36712
2025-04-29T19:25:38-10:00,2023/01/04 12:12 PM,Carex longii,species,green-and-white sedge,https://www.inaturalist.org/observations/276910395,"19.4034305556,-155.2516472222",NA,5,stephanie1120,Hawaii Volcanoes National Park,HAVO,36892
2025-04-27T21:14:29-10:00,2025-04-16 12:05:04-10:00,Lantana × strigocamara,hybrid,Lantana,https://www.inaturalist.org/observations/275423316,"19.2959633333,-155.0952445",NA,4,wanderlustingviv,Hawaii Volcanoes National Park,HAVO,36904
2025-03-30T09:23:41-10:00,2025-03-29 14:15:31-10:00,Cyperus sanguinolentus,species,purpleglume flatsedge,https://www.inaturalist.org/observations/267765074,"19.4119771191,-155.2386016082",NA,370,grahamsteinruck,Hawaii Volcanoes National Park,HAVO,37363
2025-03-26T10:21:04-10:00,2025/02/04 11:52 AM,Mazus pumilus,species,Asian mazus,https://www.inaturalist.org/observations/267098847,"19.4334006997,-155.2736232997",NA,NA,biisc,Hawaii Volcanoes National Park,HAVO,37442
2025-03-22T17:20:04-10:00,2025-03-22 17:14:55-10:00,Rhododendron indicum,species,southern Indian azalea,https://www.inaturalist.org/observations/266495338,"19.4295512356,-155.2571430563",NA,8,anthonyullian,Hawaii Volcanoes National Park,HAVO,37547
2025-03-10T14:36:01-10:00,2025-03-10 13:10:42-10:00,Spermacoce prostrata,species,Prostrate False Buttonweed,https://www.inaturalist.org/observations/264874360,"19.3992666667,-155.2533866667",NA,7,leslie_flint,Hawaii Volcanoes National Park,HAVO,37746
2025-02-21T18:11:54-10:00,2025-02-21 18:10:05-10:00,Fagraea berteroana,species,Pua Kenikeni,https://www.inaturalist.org/observations/262653708,"19.4335934902,-155.2732965789",NA,44,buttescienceteacher,Hawaii Volcanoes National Park,HAVO,38072
2025-02-18T16:10:46-10:00,2024-04-04 09:16:38,Stapelia gigantea,species,Zulu Giant,https://www.inaturalist.org/observations/262213150,"19.4958721561,-155.3922460601",NA,5296,mattylikessharks,Hawaii Volcanoes National Park,HAVO,38105
2025-02-17T12:33:02-10:00,2025-02-15 14:18:01-10:00,Lycopodium clavatum,species,stag's-horn clubmoss,https://www.inaturalist.org/observations/262045536,"19.4111739245,-155.2510074398",NA,146,m-roth,Hawaii Volcanoes National Park,HAVO,38114
2025-02-15T00:55:37-10:00,2025-02-09 12:24:41-10:00,Allamanda cathartica,species,Golden Trumpet,https://www.inaturalist.org/observations/261712672,"19.4123366667,-155.2433616667",NA,14,wilywill,Hawaii Volcanoes National Park,HAVO,38173
2025-02-12T10:43:13-10:00,2025-01-21 11:30:48-10:00,Microlepia setosa setosa,variety,palapalai,https://www.inaturalist.org/observations/261474059,"19.43932,-155.304275",NA,241,radamisprime,Hawaii Volcanoes National Park,HAVO,38193
2025-02-09T21:10:35-10:00,2025-02-09 11:44:42-10:00,Anthurium andraeanum,species,painter's-palette,https://www.inaturalist.org/observations/261223512,"19.4167833333,-155.2430716667",NA,3,wilywill,Hawaii Volcanoes National Park,HAVO,38249
2025-02-09T21:09:30-10:00,2025-02-09 11:45:11-10:00,Anthurium andraeanum,species,painter's-palette,https://www.inaturalist.org/observations/261223464,"19.41675,-155.2430583333",NA,4,wilywill,Hawaii Volcanoes National Park,HAVO,38251
2025-02-09T20:29:06-10:00,2025-02-09 15:44:18,Microlepia setosa setosa,variety,palapalai,https://www.inaturalist.org/observations/261221464,"19.4428083333,-155.3030694444",NA,NA,elly22,Hawaii Volcanoes National Park,HAVO,38267
2025-02-01T03:20:06-10:00,2021-08-15 19:01:17,Cassia × nealiae,hybrid,rainbow shower tree,https://www.inaturalist.org/observations/260256945,"19.4329017975,-155.2732039243",NA,60,lifelostsoul,Hawaii Volcanoes National Park,HAVO,38370
2025-01-26T23:09:04-10:00,2025/01/25 7:09 AM,Gamochaeta pensylvanica,species,Pennsylvania Cudweed,https://www.inaturalist.org/observations/259745940,"19.4265347171,-155.2587278605",NA,20,kbkash,Hawaii Volcanoes National Park,HAVO,38433
2025-01-20T20:15:34-10:00,2025-01-20 14:13:02-10:00,Wikstroemia uva-ursi,species,ʻĀkia,https://www.inaturalist.org/observations/259132550,"19.2951116667,-155.30925",NA,3,danielleruais,Hawaii Volcanoes National Park,HAVO,38641
2025-01-18T21:40:06-10:00,2025/01/18 12:15 PM,Plantago asiatica,species,Asian plantain,https://www.inaturalist.org/observations/258921274,"19.4175036534,-155.2457940234",NA,20,kbkash,Hawaii Volcanoes National Park,HAVO,38666
2025-01-13T17:57:22-10:00,2025-01-10 13:20:31,Plantago asiatica,species,Asian plantain,https://www.inaturalist.org/observations/258434919,"19.4313784542,-155.2601294965",NA,10,yerbasanta,Hawaii Volcanoes National Park,HAVO,38764
2025-01-03T16:03:57-10:00,2025-01-03 16:03:46-10:00,Tillandsia usneoides,species,Spanish moss,https://www.inaturalist.org/observations/257301033,"19.4295927735,-155.2572908696",NA,4,chowmein,Hawaii Volcanoes National Park,HAVO,39088
2025-07-10T19:34:49-10:00,2025-07-10,Averrhoa bilimbi,species,Bilimbi,https://www.inaturalist.org/observations/296947412,"21.188585,-156.980195",NA,NA,dustinsummer,Kalaupapa National Historical Park,KALA,39272
2025-05-08T23:20:49-10:00,2025-05-08 10:01:38-10:00,Erythrina crista-galli,species,Cockspur coral tree,https://www.inaturalist.org/observations/279658727,"21.1885500019,-156.9839033333",NA,20,dustinsummer,Kalaupapa National Historical Park,KALA,39280
2025-01-28T12:45:08-10:00,2024/04/23 12:27 PM,Amaranthus viridis,species,green amaranth,https://www.inaturalist.org/observations/259906101,"21.186294,-156.949788",NA,4,pacn_plants,Kalaupapa National Historical Park,KALA,39285
2025-01-27T10:23:50-10:00,2024/04/18 8:30 AM,Ruellia prostrata,species,Prostrate Wild Petunia,https://www.inaturalist.org/observations/259791633,"21.207681,-156.964001",NA,4,pacn_plants,Kalaupapa National Historical Park,KALA,39303
2025-09-17T14:11:40-10:00,2025/08/05 1:57 PM,Porophyllum ruderale,species,yerba porosa,https://www.inaturalist.org/observations/314687810,"19.6711695997,-156.024259",NA,NA,biisc,Kaloko-Honokohau National Historical Park,KAHO,39507
2025-09-16T17:23:41-10:00,2025-09-16 09:20:54,Pteris vittata,species,Ladder brake,https://www.inaturalist.org/observations/314498833,"19.6784861111,-156.0214055556",NA,NA,shauna1,Kaloko-Honokohau National Historical Park,KAHO,39511
2025-05-10T12:49:46-10:00,2025-05-10 12:48:54-10:00,Cenchrus setosus,species,feathery pennisetum,https://www.inaturalist.org/observations/280081704,"19.668225,-156.0267945",NA,2,raddadchad,Kaloko-Honokohau National Historical Park,KAHO,39728
2025-03-23T16:17:28-10:00,2025-03-23 16:17:23-10:00,Cordia sebestena,species,Scarlet Cordia,https://www.inaturalist.org/observations/266690210,"19.6711420505,-156.023982191",NA,3,christinegu,Kaloko-Honokohau National Historical Park,KAHO,39760
2025-01-13T11:00:34-10:00,2025-01-13 10:54:13,Momordica charantia charantia,subspecies,NA,https://www.inaturalist.org/observations/258403991,"19.67732,-156.020544",NA,NA,ewrunn1ng,Kaloko-Honokohau National Historical Park,KAHO,39889
2025-01-08T10:04:55-10:00,Wed Jan 08 2025 10:04:48 GMT -1000 (HST),Pteris vittata,species,Ladder brake,https://www.inaturalist.org/observations/257842436,"19.6786460876,-156.0214996338",NA,124,bealynn2211,Kaloko-Honokohau National Historical Park,KAHO,39900
2025-01-08T09:54:31-10:00,Wed Jan 08 2025 09:54:11 GMT -1000 (HST),Capparis spinosa,species,Caper Bush,https://www.inaturalist.org/observations/257840668,"19.6786174774,-156.0213928223",NA,149,bealynn2211,Kaloko-Honokohau National Historical Park,KAHO,39902
2025-01-06T12:57:58-10:00,2025/01/03 12:48 PM,Sida cordifolia,species,flannel weed,https://www.inaturalist.org/observations/257643296,"19.678846979,-156.0219152094",NA,NA,kbkash,Kaloko-Honokohau National Historical Park,KAHO,39909
